frame_id,reason,status,fallback_used
72,DEGENERATE_SPATIAL_DISTRIBUTION,FALLBACK_PREVIOUS_VALID,True
74,DEGENERATE_SPATIAL_DISTRIBUTION,FALLBACK_PREVIOUS_VALID,True
77,DEGENERATE_SPATIAL_DISTRIBUTION,FALLBACK_PREVIOUS_VALID,True
78,DEGENERATE_SPATIAL_DISTRIBUTION,FALLBACK_PREVIOUS_VALID,True
80,DEGENERATE_SPATIAL_DISTRIBUTION,FALLBACK_PREVIOUS_VALID,True
81,DEGENERATE_SPATIAL_DISTRIBUTION,FALLBACK_PREVIOUS_VALID,True
82,DEGENERATE_SPATIAL_DISTRIBUTION,FALLBACK_PREVIOUS_VALID,True
84,DEGENERATE_SPATIAL_DISTRIBUTION,FALLBACK_PREVIOUS_VALID,True
96,DEGENERATE_SPATIAL_DISTRIBUTION,FALLBACK_PREVIOUS_VALID,True
198,POOR_CONDITIONING,FALLBACK_PREVIOUS_VALID,True
200,POOR_CONDITIONING,FALLBACK_PREVIOUS_VALID,True
201,POOR_CONDITIONING,FALLBACK_PREVIOUS_VALID,True
203,POOR_CONDITIONING,FALLBACK_PREVIOUS_VALID,True
204,POOR_CONDITIONING,FALLBACK_PREVIOUS_VALID,True
206,POOR_CONDITIONING,FALLBACK_PREVIOUS_VALID,True
207,POOR_CONDITIONING,FALLBACK_PREVIOUS_VALID,True
209,POOR_CONDITIONING,FALLBACK_PREVIOUS_VALID,True
210,POOR_CONDITIONING,FALLBACK_PREVIOUS_VALID,True
212,POOR_CONDITIONING,FALLBACK_PREVIOUS_VALID,True
213,POOR_CONDITIONING,FALLBACK_PREVIOUS_VALID,True
215,POOR_CONDITIONING,FALLBACK_PREVIOUS_VALID,True
216,POOR_CONDITIONING,FALLBACK_PREVIOUS_VALID,True
217,POOR_CONDITIONING,FALLBACK_PREVIOUS_VALID,True
218,POOR_CONDITIONING,FALLBACK_PREVIOUS_VALID,True
219,POOR_CONDITIONING,FALLBACK_PREVIOUS_VALID,True
221,POOR_CONDITIONING,FALLBACK_PREVIOUS_VALID,True
222,POOR_CONDITIONING,FALLBACK_PREVIOUS_VALID,True
224,POOR_CONDITIONING,FALLBACK_PREVIOUS_VALID,True
225,POOR_CONDITIONING,FALLBACK_PREVIOUS_VALID,True
227,POOR_CONDITIONING,FALLBACK_PREVIOUS_VALID,True
228,POOR_CONDITIONING,FALLBACK_PREVIOUS_VALID,True
230,POOR_CONDITIONING,FALLBACK_PREVIOUS_VALID,True
231,POOR_CONDITIONING,FALLBACK_PREVIOUS_VALID,True
233,POOR_CONDITIONING,FALLBACK_PREVIOUS_VALID,True
234,POOR_CONDITIONING,FALLBACK_PREVIOUS_VALID,True
235,POOR_CONDITIONING,FALLBACK_PREVIOUS_VALID,True
236,POOR_CONDITIONING,FALLBACK_PREVIOUS_VALID,True
237,POOR_CONDITIONING,FALLBACK_PREVIOUS_VALID,True
239,POOR_CONDITIONING,FALLBACK_PREVIOUS_VALID,True
240,POOR_CONDITIONING,FALLBACK_PREVIOUS_VALID,True
