frame_id,motion_class,translation_mag_px,scale_factor,pts_tracked_b,pts_tracked_c,spatial_area_ratio_c,reproj_err_b_px,reproj_err_c_px,drift_a_m,drift_b_m,drift_c_m,latency_b_ms,latency_c_ms
0,STATIC,0.0,1.0,0,0,0.0,0.0,0.0,0.0,0.0,0.0,40.71,39.28
1,STATIC,0.01,1.0,54,54,0.19,0.0,0.0,0.0,0.0,0.0,44.49,48.58
2,STATIC,0.0,1.0,54,54,0.19,0.0,0.0,0.0,0.0,0.0,51.02,49.17
3,STATIC,0.0,1.0,54,54,0.19,0.0,0.0,0.0,0.0,0.0,53.02,49.06
4,STATIC,0.0,1.0,54,54,0.19,0.0,0.0,0.0,0.0,0.0,52.07,51.09
5,STATIC,0.25,1.0002,57,57,0.413,0.03,0.03,0.0,0.0,0.0,61.89,54.15
6,STATIC,0.43,1.0004,64,64,0.413,0.04,0.04,0.0,0.0,0.0,53.12,56.57
7,STATIC,0.39,1.0003,71,72,0.43,0.07,0.07,0.0,0.0,0.0,53.06,54.81
8,STATIC,0.46,1.0004,71,71,0.43,0.06,0.06,0.0,0.0,0.0,52.07,53.44
9,STATIC,0.0,1.0,83,85,0.43,0.0,0.0,0.0,0.0,0.0,54.18,53.48
10,STATIC,0.49,1.0004,69,69,0.432,0.05,0.05,0.0,0.0,0.0,54.49,56.2
11,STATIC,0.54,1.0004,57,58,0.431,0.09,0.09,0.0,0.0,0.0,56.63,52.83
12,STATIC,0.49,1.0004,40,41,0.049,0.2,0.2,0.0,0.0,0.0,54.37,59.36
13,STATIC,0.59,1.0006,48,50,0.056,0.12,0.14,0.0,0.0,0.0,54.01,55.84
14,STATIC,0.56,1.0006,53,54,0.248,0.13,0.12,0.0,0.0,0.0,54.44,55.19
15,STATIC,0.01,1.0,72,73,0.178,0.01,0.01,0.0,0.0,0.0,54.24,53.13
16,STATIC,0.5,1.0005,58,59,0.072,0.12,0.12,0.014,0.065,0.064,53.17,54.34
17,STATIC,0.74,1.0008,67,68,0.15,0.15,0.09,0.027,0.056,0.053,56.15,54.82
18,STATIC,0.55,1.0006,77,78,0.162,0.18,0.09,0.036,0.057,0.054,54.64,53.66
19,STATIC,0.54,1.0006,88,89,0.315,0.07,0.07,0.045,0.058,0.055,55.31,53.23
20,STATIC,0.48,1.0005,85,86,0.315,0.08,0.08,0.054,0.06,0.057,56.94,57.52
21,STATIC,0.0,1.0,84,84,0.315,0.0,0.0,0.054,0.06,0.057,56.57,61.42
22,STATIC,0.51,1.0006,89,89,0.315,0.1,0.1,0.062,0.061,0.059,63.18,61.78
23,STATIC,0.43,1.0006,84,85,0.301,0.06,0.06,0.069,0.061,0.059,61.29,59.84
24,STATIC,0.41,1.0006,82,83,0.301,0.05,0.05,0.075,0.062,0.059,52.31,55.06
25,STATIC,0.38,1.0006,79,80,0.302,0.1,0.11,0.085,0.063,0.061,52.89,54.13
26,STATIC,0.33,1.0005,83,84,0.303,0.1,0.1,0.096,0.066,0.063,53.76,55.36
27,STATIC,0.0,1.0,81,82,0.304,0.01,0.01,0.096,0.065,0.063,55.44,56.85
28,STATIC,0.26,1.0007,80,82,0.303,0.09,0.11,0.111,0.066,0.064,53.65,52.01
29,STATIC,0.34,1.0006,80,81,0.304,0.11,0.11,0.131,0.067,0.065,55.04,50.63
30,STATIC,0.41,1.0006,84,85,0.314,0.13,0.14,0.159,0.068,0.066,51.31,54.14
31,STATIC,0.4,1.0007,86,87,0.303,0.11,0.12,0.189,0.07,0.068,51.31,52.09
32,STATIC,0.41,1.0006,85,85,0.304,0.13,0.14,0.222,0.07,0.069,52.09,54.78
33,STATIC,0.0,1.0,84,84,0.303,0.01,0.01,0.221,0.07,0.069,53.29,51.42
34,STATIC,0.49,1.0006,85,85,0.304,0.09,0.09,0.255,0.072,0.07,55.69,50.83
35,STATIC,0.57,1.0005,85,86,0.305,0.14,0.09,0.291,0.073,0.071,51.78,53.76
36,STATIC,0.36,1.0006,86,86,0.302,0.1,0.1,0.322,0.074,0.072,53.5,56.37
37,STATIC,0.41,1.0006,81,82,0.302,0.1,0.1,0.356,0.075,0.073,54.86,55.56
38,STATIC,0.41,1.0006,85,85,0.302,0.19,0.12,0.389,0.079,0.075,54.85,54.48
39,STATIC,0.0,1.0,85,86,0.302,0.01,0.01,0.389,0.079,0.075,58.42,59.3
40,STATIC,0.48,1.0005,85,86,0.302,0.13,0.12,0.426,0.082,0.077,51.83,58.49
41,STATIC,0.62,1.0007,80,80,0.312,0.13,0.13,0.47,0.083,0.078,53.99,52.95
42,STATIC,0.77,1.0006,80,80,0.304,0.13,0.12,0.521,0.084,0.08,76.92,60.05
43,LOW_MOTION,0.98,1.0007,86,87,0.304,0.16,0.13,0.582,0.088,0.082,56.89,51.6
44,LOW_MOTION,1.21,1.0007,83,86,0.305,0.14,0.17,0.652,0.091,0.084,59.46,50.48
45,LOW_MOTION,1.36,1.0007,89,90,0.305,0.14,0.15,0.729,0.093,0.088,53.09,54.42
46,STATIC,0.0,1.0,82,82,0.304,0.01,0.01,0.729,0.093,0.088,52.67,55.29
47,LOW_MOTION,1.77,1.0006,82,82,0.302,0.23,0.21,0.818,0.098,0.092,54.72,51.26
48,LOW_MOTION,2.18,1.0006,85,87,0.302,0.13,0.22,0.927,0.104,0.099,54.33,52.58
49,PAN,2.8,1.0005,84,85,0.305,0.29,0.14,1.061,0.109,0.104,52.47,54.74
50,PAN,3.54,1.0005,81,82,0.16,0.28,0.1,1.221,0.117,0.113,49.08,55.25
51,STATIC,0.0,1.0,82,83,0.302,0.0,0.0,1.221,0.117,0.113,57.53,49.78
52,PAN,4.42,1.0005,82,82,0.164,0.09,0.09,1.416,0.128,0.124,54.33,58.01
53,PAN,4.44,1.0007,79,79,0.168,0.67,0.68,1.614,0.148,0.149,54.3,55.09
54,PAN,4.51,1.0006,82,82,0.172,0.08,0.09,1.815,0.16,0.161,56.61,54.21
55,PAN,4.56,1.0006,81,81,0.174,0.4,0.34,2.016,0.17,0.17,56.53,55.91
56,PAN,4.54,1.0006,78,78,0.169,0.09,0.09,2.219,0.183,0.183,59.12,55.71
57,STATIC,0.0,1.0,81,82,0.169,0.01,0.01,2.219,0.183,0.183,51.92,56.24
58,PAN,4.71,1.0005,80,82,0.172,0.08,0.08,2.424,0.195,0.195,55.35,54.86
59,PAN,8.72,1.0012,80,81,0.195,0.14,0.18,2.815,0.22,0.219,55.88,58.64
60,STATIC,0.0,1.0,76,76,0.179,0.01,0.01,2.815,0.22,0.219,56.68,55.64
61,PAN,4.04,1.0006,75,75,0.183,0.11,0.1,3.001,0.23,0.228,55.23,55.42
62,PAN,3.83,1.0006,77,77,0.183,0.23,0.1,3.177,0.244,0.239,54.5,56.33
63,STATIC,0.0,1.0,85,85,0.217,0.0,0.0,3.177,0.244,0.239,57.88,54.12
64,PAN,3.66,1.0006,85,85,0.218,0.12,0.12,3.347,0.254,0.249,55.47,53.94
65,PAN,3.42,1.0006,82,82,0.219,0.18,0.12,3.511,0.267,0.26,53.7,55.24
66,PAN,3.26,1.0007,81,81,0.196,0.18,0.23,3.669,0.275,0.274,58.96,55.24
67,PAN,3.23,1.0005,80,80,0.198,0.11,0.11,3.822,0.286,0.285,56.41,55.17
68,PAN,3.02,1.0007,81,81,0.119,0.13,0.13,3.969,0.295,0.294,54.11,54.61
69,STATIC,0.0,1.0,81,83,0.358,0.01,0.01,3.969,0.295,0.294,57.73,76.01
70,PAN,2.98,1.0006,83,83,0.21,0.12,0.33,4.115,0.304,0.3,57.37,57.22
71,PAN,2.83,1.0006,82,84,0.274,0.1,0.19,4.253,0.313,0.313,53.6,54.2
72,PAN,2.8,1.0005,77,77,0.078,0.1,0.0,4.388,0.321,0.389,51.53,56.54
73,PAN,2.81,1.0007,77,77,0.309,0.26,0.11,4.529,0.329,0.397,53.41,51.59
74,PAN,3.28,1.0005,73,75,0.077,0.1,0.0,4.684,0.338,0.539,55.34,52.55
75,STATIC,0.0,1.0,77,77,0.366,0.01,0.01,4.684,0.338,0.539,54.02,55.01
76,PAN,3.24,1.0005,78,78,0.368,0.07,0.07,4.837,0.347,0.548,55.59,56.24
77,PAN,3.47,1.0005,76,76,0.073,0.08,0.0,4.997,0.355,0.7,53.63,53.92
78,PAN,3.52,1.0005,80,80,0.073,0.27,0.0,5.156,0.364,0.854,54.94,53.51
79,PAN,3.62,1.0005,78,79,0.365,0.08,0.31,5.316,0.373,0.857,52.87,55.21
80,PAN,3.6,1.0006,79,79,0.071,0.09,0.0,5.482,0.381,1.015,53.14,53.58
81,STATIC,0.0,1.0,74,74,0.072,0.01,0.0,5.482,0.381,1.015,53.76,58.06
82,PAN,3.77,1.0007,76,76,0.072,0.32,0.0,5.656,0.387,1.183,52.58,50.96
83,PAN,4.19,1.0005,78,78,0.204,0.33,0.32,5.84,0.398,1.183,52.91,56.19
84,PAN,4.17,1.0006,77,77,0.074,0.08,0.0,6.029,0.407,1.363,51.19,50.98
85,PAN,4.43,1.0005,79,80,0.127,0.09,0.09,6.223,0.417,1.371,48.23,53.74
86,PAN,4.65,1.0005,79,80,0.179,0.11,0.11,6.426,0.43,1.382,49.01,51.87
87,STATIC,0.01,1.0,79,79,0.384,0.01,0.01,6.426,0.43,1.382,49.47,54.45
88,PAN,4.86,1.0005,77,78,0.179,0.29,0.28,6.635,0.443,1.393,49.01,51.1
89,PAN,4.8,1.0006,79,79,0.131,0.12,0.16,6.851,0.452,1.401,49.97,53.26
90,PAN,4.96,1.0006,76,76,0.131,0.34,0.28,7.07,0.463,1.406,53.12,53.28
91,STATIC,0.0,1.0,83,84,0.131,0.01,0.01,7.07,0.463,1.406,52.07,50.27
92,PAN,10.52,1.0013,83,83,0.134,0.11,0.11,7.52,0.499,1.416,50.97,53.63
93,PAN,5.4,1.0006,78,79,0.286,0.1,0.13,7.756,0.513,1.429,50.59,55.11
94,STATIC,0.0,1.0,83,83,0.281,0.01,0.01,7.756,0.513,1.429,51.73,51.74
95,PAN,5.53,1.0006,81,81,0.281,0.11,0.11,7.996,0.528,1.443,54.19,50.58
96,PAN,5.74,1.0004,77,78,0.071,0.23,0.0,8.24,0.541,1.675,62.56,56.76
97,STATIC,0.01,1.0,82,83,0.276,0.01,0.01,8.24,0.541,1.675,51.48,55.18
98,PAN,11.36,1.0011,81,82,0.276,0.13,0.12,8.64,0.601,1.684,53.77,53.0
99,PAN,5.64,1.0006,78,79,0.31,0.1,0.1,8.887,0.616,1.699,54.77,54.01
100,STATIC,0.0,1.0,83,85,0.272,0.0,0.0,8.887,0.616,1.699,53.39,52.77
101,PAN,5.84,1.0005,83,85,0.272,0.2,0.1,9.134,0.634,1.712,52.54,55.13
102,PAN,5.95,1.0007,85,86,0.41,0.21,0.17,9.389,0.655,1.726,53.17,56.65
103,PAN,6.09,1.0007,84,84,0.416,0.15,0.15,9.947,0.434,1.578,50.87,52.37
104,PAN,6.32,1.0007,79,80,0.314,0.13,0.15,10.257,0.451,1.6,51.94,52.59
105,STATIC,0.0,1.0,84,86,0.318,0.01,0.01,10.257,0.45,1.6,51.5,53.15
106,PAN,6.42,1.0006,85,86,0.313,0.12,0.12,10.545,0.458,1.609,54.93,54.79
107,PAN,6.35,1.0007,81,82,0.319,0.37,0.12,10.834,0.467,1.618,55.85,60.57
108,PAN,6.35,1.0005,81,82,0.321,0.1,0.1,11.114,0.476,1.626,57.48,53.93
109,STATIC,0.0,1.0,84,85,0.435,0.01,0.01,11.114,0.477,1.626,55.13,54.14
110,PAN,14.08,1.0011,79,80,0.437,0.15,0.15,11.732,0.498,1.645,52.47,57.58
111,PAN,8.82,1.0005,81,82,0.441,0.11,0.42,12.108,0.511,1.648,52.94,54.85
112,STATIC,0.0,1.0,82,82,0.439,0.01,0.01,12.108,0.511,1.648,53.46,52.02
113,PAN,9.84,1.0001,82,82,0.444,0.14,0.15,12.509,0.524,1.661,55.96,52.84
114,PAN,10.41,1.0003,81,82,0.433,0.15,0.15,12.946,0.54,1.676,54.02,54.18
115,PAN,11.61,1.0001,84,86,0.415,0.17,0.14,13.414,0.557,1.69,57.16,56.0
116,PAN,12.65,1.0003,88,88,0.405,0.16,0.15,13.939,0.577,1.707,56.53,60.16
117,STATIC,0.0,1.0,97,97,0.724,0.01,0.01,13.939,0.576,1.707,59.62,53.67
118,PAN,14.24,0.9996,91,91,0.715,0.15,0.15,14.496,0.604,1.718,54.89,55.12
119,PAN,14.52,1.0004,95,98,0.714,0.24,0.23,15.099,0.633,1.743,53.58,55.57
120,PAN,15.72,1.0003,94,96,0.712,0.25,0.25,15.753,0.666,1.774,53.04,53.57
121,PAN,17.64,0.9994,95,99,0.725,0.19,0.24,16.458,0.695,1.802,52.94,53.81
122,PAN,18.09,1.0002,96,103,0.706,0.2,0.2,17.107,0.748,1.841,53.96,54.67
123,PAN,17.09,1.002,98,100,0.705,0.22,0.22,17.901,0.784,1.876,53.24,53.98
124,STATIC,0.01,1.0,100,105,0.712,0.01,0.02,17.901,0.784,1.876,50.86,53.51
125,PAN,19.01,1.0005,97,102,0.712,0.32,0.33,18.591,0.845,1.925,52.34,54.33
126,PAN,17.9,1.002,96,104,0.737,0.24,0.23,19.423,0.839,1.993,51.19,54.36
127,STATIC,0.0,1.0,100,108,0.737,0.01,0.01,19.423,0.838,1.993,53.64,53.86
128,PAN_ZOOM,32.93,1.0069,68,76,0.698,0.21,0.24,20.985,1.095,2.229,54.39,54.87
129,STATIC,0.0,1.0,100,101,0.738,0.0,0.0,20.985,1.095,2.229,53.76,53.0
130,PAN,20.17,1.0003,97,98,0.739,0.22,0.22,21.682,1.184,2.316,52.84,52.53
131,PAN,19.88,1.0008,95,104,0.691,0.22,0.23,22.546,1.229,2.358,52.08,52.39
132,PAN,20.37,1.0006,94,96,0.716,0.21,0.25,23.246,1.333,2.459,52.76,53.75
133,STATIC,0.0,1.0,98,103,0.707,0.0,0.0,23.246,1.333,2.459,49.68,54.42
134,PAN_ZOOM,33.1,1.009,60,65,0.672,0.28,0.3,26.454,0.191,1.475,53.37,53.39
135,PAN,21.4,1.0012,97,103,0.689,0.2,0.21,27.299,0.195,1.477,52.64,50.42
136,STATIC,0.01,1.0,100,112,0.741,0.01,0.01,27.299,0.195,1.477,55.03,50.37
137,PAN,21.57,1.0008,96,106,0.685,0.26,0.22,28.16,0.198,1.486,51.33,51.43
138,PAN,21.23,1.0011,93,99,0.66,0.21,0.2,29.001,0.202,1.496,53.6,54.23
139,STATIC,0.0,1.0,100,108,0.707,0.0,0.0,29.001,0.202,1.496,50.5,52.93
140,STATIC,0.01,1.0,100,107,0.707,0.03,0.03,29.001,0.201,1.497,57.7,52.14
141,STATIC,0.0,1.0,100,109,0.707,0.02,0.01,29.001,0.202,1.496,53.01,52.4
142,STATIC,0.0,1.0,100,111,0.707,0.01,0.01,29.001,0.202,1.496,51.33,51.07
143,STATIC,0.0,1.0,100,111,0.707,0.01,0.01,29.001,0.202,1.496,56.78,51.2
144,STATIC,0.0,1.0,100,113,0.707,0.01,0.01,29.001,0.202,1.496,43.98,43.81
145,STATIC,0.0,1.0,100,112,0.703,0.01,0.01,29.001,0.202,1.496,44.3,41.65
146,STATIC,0.0,1.0,100,114,0.703,0.01,0.01,29.001,0.202,1.497,41.07,43.02
147,STATIC,0.09,1.0,100,114,0.703,0.04,0.04,29.002,0.202,1.497,42.52,42.75
148,STATIC,0.0,1.0,100,114,0.703,0.0,0.0,29.002,0.202,1.497,43.83,45.72
149,PAN,20.6,1.0022,95,107,0.692,0.2,0.22,30.031,0.204,1.498,46.6,44.82
150,PAN,20.37,1.0026,93,103,0.701,0.19,0.2,30.876,0.213,1.507,48.57,45.37
151,PAN,19.89,1.0034,95,100,0.736,0.2,0.19,31.947,0.219,1.515,47.79,42.41
152,PAN,21.99,1.001,92,97,0.735,0.19,0.23,32.456,0.241,1.537,45.82,47.36
153,STATIC,0.0,1.0,98,100,0.706,0.0,0.0,32.456,0.241,1.537,44.32,44.2
154,PAN,18.99,1.0038,89,91,0.673,0.18,0.2,33.497,0.243,1.542,44.31,51.17
155,PAN,18.53,1.0035,95,99,0.737,0.17,0.18,34.504,0.242,1.544,45.29,47.25
156,PAN,20.27,1.0012,95,101,0.691,0.25,0.21,35.17,0.259,1.565,46.15,43.61
157,STATIC,0.0,1.0,100,103,0.743,0.01,0.01,35.17,0.259,1.565,44.06,49.44
158,PAN_ZOOM,33.43,1.007,57,58,0.657,0.23,0.23,36.016,0.308,1.639,50.73,48.54
159,PAN,18.8,1.0017,95,98,0.688,0.22,0.22,36.906,0.311,1.639,44.92,43.76
160,STATIC,0.01,1.0,100,110,0.74,0.0,0.01,36.906,0.311,1.639,43.87,46.15
161,PAN,17.99,1.0026,94,104,0.675,0.16,0.26,37.783,0.307,1.635,49.04,44.79
162,PAN,18.54,1.002,93,105,0.723,0.38,0.22,38.69,0.305,1.635,44.23,44.05
163,PAN,18.74,1.0028,92,102,0.678,0.2,0.2,39.633,0.306,1.632,42.85,46.5
164,PAN,20.52,1.0016,85,89,0.679,0.24,0.28,40.615,0.309,1.635,47.63,46.38
165,STATIC,0.0,1.0,100,104,0.689,0.01,0.02,40.615,0.309,1.635,47.39,42.55
166,PAN,21.18,1.0014,93,98,0.677,0.28,0.26,41.61,0.297,1.622,45.22,42.97
167,PAN,20.96,1.0021,90,92,0.679,0.23,0.21,42.654,0.303,1.629,42.85,45.49
168,PAN,19.81,1.004,91,92,0.673,0.33,0.25,43.73,0.291,1.616,45.51,46.87
169,STATIC,0.0,1.0,97,99,0.74,0.01,0.01,43.73,0.291,1.616,42.74,43.69
170,PAN,49.34,1.0024,43,46,0.6,0.28,0.26,46.009,0.296,1.621,45.21,47.37
171,PAN,21.4,1.0042,90,92,0.736,0.18,0.21,47.198,0.291,1.617,48.48,51.76
172,STATIC,0.01,1.0,99,101,0.737,0.01,0.01,47.198,0.29,1.617,49.76,48.3
173,PAN,21.49,1.0046,85,87,0.668,0.2,0.2,48.43,0.297,1.623,48.11,42.76
174,PAN,22.12,1.0041,84,88,0.694,0.24,0.3,49.664,0.29,1.624,44.92,44.61
175,PAN_ZOOM,24.84,1.0214,44,48,0.714,0.31,0.33,52.171,0.291,1.623,46.03,45.28
176,STATIC,0.0,1.0,97,98,0.723,0.01,0.01,52.171,0.291,1.624,42.6,44.05
177,PAN,23.21,1.0024,87,88,0.725,0.19,0.19,53.435,0.292,1.626,45.59,45.2
178,STATIC,0.0,1.0,95,97,0.724,0.01,0.01,53.435,0.292,1.626,41.73,46.22
179,PAN,23.31,1.0023,88,89,0.691,0.21,0.24,54.7,0.294,1.624,46.73,44.69
180,PAN,22.68,1.0023,78,82,0.684,0.22,0.26,55.974,0.299,1.63,46.31,45.89
181,PAN,19.32,1.005,85,92,0.695,0.28,0.3,56.823,0.274,1.592,45.61,43.03
182,PAN,19.62,1.0044,81,85,0.677,0.27,0.23,58.067,0.276,1.599,42.29,46.37
183,PAN,19.89,1.0038,80,82,0.705,0.26,0.25,59.301,0.276,1.6,45.74,42.04
184,STATIC,0.0,1.0,83,85,0.717,0.01,0.01,59.301,0.276,1.6,41.36,45.02
185,PAN,18.96,1.0044,77,77,0.686,0.22,0.22,60.54,0.279,1.602,48.89,58.54
186,PAN,19.08,1.0037,71,75,0.693,0.19,0.2,0.0,0.0,0.0,45.11,43.95
187,STATIC,0.0,1.0,87,92,0.732,0.0,0.0,66.405,2.083,0.0,44.09,45.31
188,PAN,38.41,1.0021,47,51,0.696,0.27,0.4,69.902,2.138,0.343,47.12,47.04
189,PAN,18.08,1.0041,70,70,0.701,0.18,0.18,70.986,2.316,0.506,68.26,53.29
190,STATIC,0.0,1.0,82,82,0.725,0.02,0.02,70.986,2.316,0.506,44.82,44.12
191,PAN,17.33,1.004,69,71,0.697,0.22,0.23,71.999,2.361,0.597,48.53,52.04
192,PAN,16.97,1.0043,79,82,0.696,0.23,0.22,73.265,2.141,0.429,49.77,48.46
193,PAN,17.6,1.0035,76,82,0.716,0.28,0.24,74.09,2.181,0.474,47.28,47.75
194,PAN,17.73,1.0038,69,72,0.707,0.25,0.2,75.414,2.319,0.59,45.61,44.73
195,PAN,18.53,1.0026,68,69,0.721,0.24,0.23,76.257,2.368,0.647,46.6,48.78
196,STATIC,0.0,1.0,85,89,0.729,0.02,0.02,76.257,2.367,0.647,46.35,45.3
197,PAN,18.37,1.0036,73,77,0.719,0.25,0.23,78.039,2.54,0.775,50.18,46.85
198,PAN,18.68,1.004,91,98,0.725,0.28,0.26,78.851,2.601,1.936,49.14,50.15
199,STATIC,0.0,1.0,95,98,0.73,0.01,0.01,78.851,2.601,1.936,48.89,44.54
200,PAN,36.25,1.0029,56,57,0.649,0.37,0.33,82.069,2.639,4.467,49.72,49.47
201,PAN,15.57,1.0044,82,84,0.734,0.31,0.28,82.793,2.64,5.538,47.38,47.59
202,STATIC,0.0,1.0,99,103,0.742,0.0,0.0,82.793,2.64,5.538,48.49,46.45
203,PAN,13.96,1.0041,92,96,0.734,0.28,0.27,83.447,2.648,6.479,47.37,46.13
204,PAN,12.18,1.0027,88,103,0.733,0.24,0.26,84.015,2.662,7.287,46.11,49.36
205,STATIC,0.0,1.0,100,120,0.75,0.0,0.0,84.015,2.662,7.287,46.07,45.57
206,PAN_ZOOM,19.44,1.0065,83,101,0.727,0.27,0.28,86.097,2.057,9.017,45.54,49.95
207,PAN,7.88,1.0041,96,116,0.75,0.19,0.24,86.519,2.061,9.685,47.81,47.4
208,STATIC,0.0,1.0,100,120,0.75,0.01,0.01,86.519,2.061,9.685,55.68,50.45
209,PAN,6.86,1.0041,98,118,0.757,0.21,0.23,86.907,2.055,10.292,54.57,47.04
210,PAN,6.09,1.004,96,116,0.749,0.18,0.18,87.259,2.066,10.832,52.21,49.12
211,PAN,5.56,1.0043,94,114,0.759,0.18,0.17,87.603,2.062,10.824,47.36,49.06
212,PAN,6.24,1.0043,96,116,0.747,0.16,0.16,87.971,2.058,11.389,47.94,56.25
213,PAN,6.98,1.0038,94,113,0.702,0.18,0.18,88.377,2.063,12.01,59.57,53.05
214,STATIC,0.01,1.0,100,120,0.686,0.05,0.05,88.377,2.062,12.009,58.49,58.04
215,PAN,7.89,1.0037,96,116,0.69,0.17,0.23,88.814,2.071,12.678,57.31,54.54
216,PAN,8.91,1.0028,96,116,0.711,0.15,0.2,89.309,2.069,13.431,73.67,64.0
217,PAN,10.4,1.004,97,116,0.697,0.18,0.21,89.864,2.057,14.268,71.38,68.24
218,PAN,11.36,1.0038,97,117,0.733,0.21,0.27,90.453,2.052,15.142,71.02,68.72
219,PAN,11.45,1.0026,98,117,0.698,0.22,0.24,91.051,2.041,16.02,67.59,69.09
220,STATIC,0.0,1.0,100,120,0.7,0.03,0.03,91.052,2.042,16.022,67.28,67.01
221,PAN,11.04,1.0038,99,118,0.704,0.21,0.25,91.655,2.049,16.891,70.17,61.1
222,PAN_ZOOM,22.59,1.0063,89,108,0.655,0.27,0.27,91.89,2.156,18.355,63.73,65.36
223,STATIC,0.0,1.0,100,120,0.738,0.01,0.01,91.891,2.156,18.356,62.23,62.48
224,PAN,10.67,1.0024,96,116,0.742,0.29,0.24,92.478,2.119,19.165,62.18,65.88
225,PAN,9.94,1.0031,96,116,0.757,0.32,0.27,93.037,2.051,19.924,63.46,63.25
226,STATIC,0.0,1.0,100,120,0.808,0.01,0.01,93.037,2.051,19.925,63.24,62.69
227,PAN,9.73,1.0039,88,107,0.656,0.19,0.18,93.296,1.811,20.717,67.9,74.18
228,PAN_ZOOM,17.93,1.0059,91,110,0.664,0.22,0.26,94.338,1.838,22.079,52.31,53.98
229,STATIC,0.01,1.0,100,120,0.557,0.02,0.02,94.338,1.838,22.08,56.81,64.52
230,PAN,7.58,1.004,94,114,0.527,0.17,0.2,94.824,1.847,22.707,69.6,70.37
231,PAN,7.81,1.0033,93,113,0.504,0.17,0.15,95.302,1.862,23.321,56.5,52.64
232,STATIC,0.0,1.0,100,120,0.763,0.0,0.0,95.302,1.861,23.321,53.53,51.72
233,PAN,7.49,1.0027,97,116,0.713,0.19,0.22,95.769,1.867,23.914,50.59,53.18
234,PAN,7.05,1.004,97,116,0.579,0.27,0.16,96.239,1.775,24.506,50.55,52.42
235,PAN,7.04,1.0042,95,115,0.586,0.15,0.17,96.719,1.774,25.103,50.91,51.21
236,PAN,7.13,1.0029,95,115,0.587,0.19,0.16,97.187,1.763,25.682,52.08,52.19
237,PAN,7.22,1.0023,93,112,0.463,0.15,0.19,97.641,1.76,26.237,51.56,44.73
238,STATIC,0.0,1.0,100,120,0.768,0.0,0.0,97.641,1.76,26.237,43.24,44.5
239,PAN,6.38,1.0038,96,115,0.598,0.18,0.18,98.086,1.748,26.776,45.44,47.79
240,PAN_ZOOM,11.13,1.0066,92,112,0.777,0.3,0.27,99.874,1.583,28.245,47.08,47.76
