frame_id,motion_class,decision_a,decision_b,decision_c,margin_a,margin_b,margin_c,boundary_status_a,boundary_status_b,boundary_status_c,decision_match_ab,decision_match_ac
0,STATIC,UNDETERMINED,UNDETERMINED,UNDETERMINED,0.0,0.0,0.0,DECISIVE,DECISIVE,DECISIVE,True,True
1,STATIC,UNDETERMINED,UNDETERMINED,UNDETERMINED,0.0,0.0,0.0,DECISIVE,DECISIVE,DECISIVE,True,True
2,STATIC,UNDETERMINED,UNDETERMINED,UNDETERMINED,0.0,0.0,0.0,DECISIVE,DECISIVE,DECISIVE,True,True
3,STATIC,UNDETERMINED,UNDETERMINED,UNDETERMINED,0.0,0.0,0.0,DECISIVE,DECISIVE,DECISIVE,True,True
4,STATIC,UNDETERMINED,UNDETERMINED,UNDETERMINED,0.0,0.0,0.0,DECISIVE,DECISIVE,DECISIVE,True,True
5,STATIC,UNDETERMINED,UNDETERMINED,UNDETERMINED,0.0,0.0,0.0,DECISIVE,DECISIVE,DECISIVE,True,True
6,STATIC,UNDETERMINED,UNDETERMINED,UNDETERMINED,0.0,0.0,0.0,DECISIVE,DECISIVE,DECISIVE,True,True
7,STATIC,UNDETERMINED,UNDETERMINED,UNDETERMINED,0.0,0.0,0.0,DECISIVE,DECISIVE,DECISIVE,True,True
8,STATIC,ONSIDE,ONSIDE,ONSIDE,0.0,0.0,0.0,MARGINAL,MARGINAL,MARGINAL,True,True
9,STATIC,ONSIDE,ONSIDE,ONSIDE,0.0,0.0,0.0,MARGINAL,MARGINAL,MARGINAL,True,True
10,STATIC,ONSIDE,ONSIDE,ONSIDE,0.0,0.0,0.0,MARGINAL,MARGINAL,MARGINAL,True,True
11,STATIC,ONSIDE,ONSIDE,ONSIDE,0.0,0.0,0.0,MARGINAL,MARGINAL,MARGINAL,True,True
12,STATIC,ONSIDE,ONSIDE,ONSIDE,0.0,0.0,0.0,MARGINAL,MARGINAL,MARGINAL,True,True
13,STATIC,ONSIDE,ONSIDE,ONSIDE,0.0,0.0,0.0,MARGINAL,MARGINAL,MARGINAL,True,True
14,STATIC,ONSIDE,ONSIDE,ONSIDE,0.0,0.0,0.0,MARGINAL,MARGINAL,MARGINAL,True,True
15,STATIC,ONSIDE,ONSIDE,ONSIDE,0.0,0.0,0.0,MARGINAL,MARGINAL,MARGINAL,True,True
16,STATIC,ONSIDE,ONSIDE,ONSIDE,0.0,0.0,0.0,MARGINAL,MARGINAL,MARGINAL,True,True
17,STATIC,ONSIDE,ONSIDE,ONSIDE,0.0,0.0,0.0,MARGINAL,MARGINAL,MARGINAL,True,True
18,STATIC,ONSIDE,ONSIDE,ONSIDE,0.0,0.0,0.0,MARGINAL,MARGINAL,MARGINAL,True,True
19,STATIC,ONSIDE,ONSIDE,ONSIDE,0.0,0.0,0.0,MARGINAL,MARGINAL,MARGINAL,True,True
20,STATIC,ONSIDE,ONSIDE,ONSIDE,0.0,0.0,0.0,MARGINAL,MARGINAL,MARGINAL,True,True
21,STATIC,ONSIDE,ONSIDE,ONSIDE,0.0,0.0,0.0,MARGINAL,MARGINAL,MARGINAL,True,True
22,STATIC,ONSIDE,ONSIDE,ONSIDE,0.0,0.0,0.0,MARGINAL,MARGINAL,MARGINAL,True,True
23,STATIC,ONSIDE,ONSIDE,ONSIDE,0.0,0.0,0.0,MARGINAL,MARGINAL,MARGINAL,True,True
24,STATIC,ONSIDE,ONSIDE,ONSIDE,0.0,0.0,0.0,MARGINAL,MARGINAL,MARGINAL,True,True
25,STATIC,ONSIDE,ONSIDE,ONSIDE,0.0,0.0,0.0,MARGINAL,MARGINAL,MARGINAL,True,True
26,STATIC,ONSIDE,ONSIDE,ONSIDE,0.0,0.0,0.0,MARGINAL,MARGINAL,MARGINAL,True,True
27,STATIC,ONSIDE,ONSIDE,ONSIDE,0.0,0.0,0.0,MARGINAL,MARGINAL,MARGINAL,True,True
28,STATIC,ONSIDE,ONSIDE,ONSIDE,0.0,0.0,0.0,MARGINAL,MARGINAL,MARGINAL,True,True
29,STATIC,ONSIDE,ONSIDE,ONSIDE,0.0,0.0,0.0,MARGINAL,MARGINAL,MARGINAL,True,True
30,STATIC,ONSIDE,ONSIDE,ONSIDE,0.0,0.0,0.0,MARGINAL,MARGINAL,MARGINAL,True,True
31,STATIC,ONSIDE,ONSIDE,ONSIDE,0.0,0.0,0.0,MARGINAL,MARGINAL,MARGINAL,True,True
32,STATIC,ONSIDE,ONSIDE,ONSIDE,0.0,0.0,0.0,MARGINAL,MARGINAL,MARGINAL,True,True
33,STATIC,ONSIDE,ONSIDE,ONSIDE,0.0,0.0,0.0,MARGINAL,MARGINAL,MARGINAL,True,True
34,STATIC,ONSIDE,ONSIDE,ONSIDE,0.0,0.0,0.0,MARGINAL,MARGINAL,MARGINAL,True,True
35,STATIC,ONSIDE,ONSIDE,ONSIDE,0.0,0.0,0.0,MARGINAL,MARGINAL,MARGINAL,True,True
36,STATIC,ONSIDE,ONSIDE,ONSIDE,0.0,0.0,0.0,MARGINAL,MARGINAL,MARGINAL,True,True
37,STATIC,ONSIDE,ONSIDE,ONSIDE,0.0,0.0,0.0,MARGINAL,MARGINAL,MARGINAL,True,True
38,STATIC,ONSIDE,ONSIDE,ONSIDE,0.0,0.0,0.0,MARGINAL,MARGINAL,MARGINAL,True,True
39,STATIC,ONSIDE,ONSIDE,ONSIDE,0.0,0.0,0.0,MARGINAL,MARGINAL,MARGINAL,True,True
40,STATIC,ONSIDE,ONSIDE,ONSIDE,0.0,0.0,0.0,MARGINAL,MARGINAL,MARGINAL,True,True
41,STATIC,ONSIDE,ONSIDE,ONSIDE,0.0,0.0,0.0,MARGINAL,MARGINAL,MARGINAL,True,True
42,STATIC,ONSIDE,ONSIDE,ONSIDE,0.0,0.0,0.0,MARGINAL,MARGINAL,MARGINAL,True,True
43,LOW_MOTION,ONSIDE,ONSIDE,ONSIDE,0.0,0.0,0.0,MARGINAL,MARGINAL,MARGINAL,True,True
44,LOW_MOTION,ONSIDE,ONSIDE,ONSIDE,0.0,0.0,0.0,MARGINAL,MARGINAL,MARGINAL,True,True
45,LOW_MOTION,ONSIDE,ONSIDE,ONSIDE,0.0,0.0,0.0,MARGINAL,MARGINAL,MARGINAL,True,True
46,STATIC,ONSIDE,ONSIDE,ONSIDE,0.0,0.0,0.0,MARGINAL,MARGINAL,MARGINAL,True,True
47,LOW_MOTION,ONSIDE,ONSIDE,ONSIDE,0.0,0.0,0.0,MARGINAL,MARGINAL,MARGINAL,True,True
48,LOW_MOTION,ONSIDE,ONSIDE,ONSIDE,0.0,0.0,0.0,MARGINAL,MARGINAL,MARGINAL,True,True
49,PAN,ONSIDE,ONSIDE,ONSIDE,0.0,0.0,0.0,MARGINAL,MARGINAL,MARGINAL,True,True
50,PAN,ONSIDE,ONSIDE,ONSIDE,0.0,0.0,0.0,MARGINAL,MARGINAL,MARGINAL,True,True
51,STATIC,ONSIDE,ONSIDE,ONSIDE,0.0,0.0,0.0,MARGINAL,MARGINAL,MARGINAL,True,True
52,PAN,ONSIDE,ONSIDE,ONSIDE,0.0,0.0,0.0,MARGINAL,MARGINAL,MARGINAL,True,True
53,PAN,ONSIDE,ONSIDE,ONSIDE,0.0,0.0,0.0,MARGINAL,MARGINAL,MARGINAL,True,True
54,PAN,ONSIDE,ONSIDE,ONSIDE,0.0,0.0,0.0,MARGINAL,MARGINAL,MARGINAL,True,True
55,PAN,ONSIDE,ONSIDE,ONSIDE,0.0,0.0,0.0,MARGINAL,MARGINAL,MARGINAL,True,True
56,PAN,ONSIDE,ONSIDE,ONSIDE,0.0,0.0,0.0,MARGINAL,MARGINAL,MARGINAL,True,True
57,STATIC,ONSIDE,ONSIDE,ONSIDE,0.0,0.0,0.0,MARGINAL,MARGINAL,MARGINAL,True,True
58,PAN,ONSIDE,ONSIDE,ONSIDE,0.0,0.0,0.0,MARGINAL,MARGINAL,MARGINAL,True,True
59,PAN,ONSIDE,ONSIDE,ONSIDE,0.0,0.0,0.0,MARGINAL,MARGINAL,MARGINAL,True,True
60,STATIC,ONSIDE,ONSIDE,ONSIDE,0.0,0.0,0.0,MARGINAL,MARGINAL,MARGINAL,True,True
61,PAN,ONSIDE,ONSIDE,ONSIDE,0.0,0.0,0.0,MARGINAL,MARGINAL,MARGINAL,True,True
62,PAN,ONSIDE,ONSIDE,ONSIDE,0.0,0.0,0.0,MARGINAL,MARGINAL,MARGINAL,True,True
63,STATIC,ONSIDE,ONSIDE,ONSIDE,0.0,0.0,0.0,MARGINAL,MARGINAL,MARGINAL,True,True
64,PAN,ONSIDE,ONSIDE,ONSIDE,0.0,0.0,0.0,MARGINAL,MARGINAL,MARGINAL,True,True
65,PAN,ONSIDE,ONSIDE,ONSIDE,0.0,0.0,0.0,MARGINAL,MARGINAL,MARGINAL,True,True
66,PAN,ONSIDE,ONSIDE,ONSIDE,0.0,0.0,0.0,MARGINAL,MARGINAL,MARGINAL,True,True
67,PAN,ONSIDE,ONSIDE,ONSIDE,0.0,0.0,0.0,MARGINAL,MARGINAL,MARGINAL,True,True
68,PAN,ONSIDE,ONSIDE,ONSIDE,0.0,0.0,0.0,MARGINAL,MARGINAL,MARGINAL,True,True
69,STATIC,ONSIDE,ONSIDE,ONSIDE,0.0,0.0,0.0,MARGINAL,MARGINAL,MARGINAL,True,True
70,PAN,ONSIDE,ONSIDE,ONSIDE,0.0,0.0,0.0,MARGINAL,MARGINAL,MARGINAL,True,True
71,PAN,ONSIDE,ONSIDE,ONSIDE,0.0,0.0,0.0,MARGINAL,MARGINAL,MARGINAL,True,True
72,PAN,ONSIDE,ONSIDE,ONSIDE,0.0,0.0,0.0,MARGINAL,MARGINAL,MARGINAL,True,True
73,PAN,ONSIDE,ONSIDE,ONSIDE,0.0,0.0,0.0,MARGINAL,MARGINAL,MARGINAL,True,True
74,PAN,ONSIDE,ONSIDE,ONSIDE,0.0,0.0,0.0,MARGINAL,MARGINAL,MARGINAL,True,True
75,STATIC,ONSIDE,ONSIDE,ONSIDE,0.0,0.0,0.0,MARGINAL,MARGINAL,MARGINAL,True,True
76,PAN,ONSIDE,ONSIDE,ONSIDE,0.0,0.0,0.0,MARGINAL,MARGINAL,MARGINAL,True,True
77,PAN,ONSIDE,ONSIDE,ONSIDE,0.0,0.0,0.0,MARGINAL,MARGINAL,MARGINAL,True,True
78,PAN,ONSIDE,ONSIDE,ONSIDE,0.0,0.0,0.0,MARGINAL,MARGINAL,MARGINAL,True,True
79,PAN,ONSIDE,ONSIDE,ONSIDE,0.0,0.0,0.0,MARGINAL,MARGINAL,MARGINAL,True,True
80,PAN,ONSIDE,ONSIDE,ONSIDE,0.0,0.0,0.0,MARGINAL,MARGINAL,MARGINAL,True,True
81,STATIC,ONSIDE,ONSIDE,ONSIDE,0.0,0.0,0.0,MARGINAL,MARGINAL,MARGINAL,True,True
82,PAN,ONSIDE,ONSIDE,ONSIDE,0.0,0.0,0.0,MARGINAL,MARGINAL,MARGINAL,True,True
83,PAN,ONSIDE,ONSIDE,ONSIDE,0.0,0.0,0.0,MARGINAL,MARGINAL,MARGINAL,True,True
84,PAN,ONSIDE,ONSIDE,ONSIDE,0.0,0.0,0.0,MARGINAL,MARGINAL,MARGINAL,True,True
85,PAN,ONSIDE,ONSIDE,ONSIDE,0.0,0.0,0.0,MARGINAL,MARGINAL,MARGINAL,True,True
86,PAN,ONSIDE,ONSIDE,ONSIDE,0.0,0.0,0.0,MARGINAL,MARGINAL,MARGINAL,True,True
87,STATIC,ONSIDE,ONSIDE,ONSIDE,0.0,0.0,0.0,MARGINAL,MARGINAL,MARGINAL,True,True
88,PAN,ONSIDE,ONSIDE,ONSIDE,0.0,0.0,0.0,MARGINAL,MARGINAL,MARGINAL,True,True
89,PAN,ONSIDE,ONSIDE,ONSIDE,0.0,0.0,0.0,MARGINAL,MARGINAL,MARGINAL,True,True
90,PAN,ONSIDE,ONSIDE,ONSIDE,0.0,0.0,0.0,MARGINAL,MARGINAL,MARGINAL,True,True
91,STATIC,ONSIDE,ONSIDE,ONSIDE,0.0,0.0,0.0,MARGINAL,MARGINAL,MARGINAL,True,True
92,PAN,ONSIDE,ONSIDE,ONSIDE,0.0,0.0,0.0,MARGINAL,MARGINAL,MARGINAL,True,True
93,PAN,ONSIDE,ONSIDE,ONSIDE,0.0,0.0,0.0,MARGINAL,MARGINAL,MARGINAL,True,True
94,STATIC,ONSIDE,ONSIDE,ONSIDE,0.0,0.0,0.0,MARGINAL,MARGINAL,MARGINAL,True,True
95,PAN,ONSIDE,ONSIDE,ONSIDE,0.0,0.0,0.0,MARGINAL,MARGINAL,MARGINAL,True,True
96,PAN,ONSIDE,ONSIDE,ONSIDE,0.0,0.0,0.0,MARGINAL,MARGINAL,MARGINAL,True,True
97,STATIC,ONSIDE,ONSIDE,ONSIDE,0.0,0.0,0.0,MARGINAL,MARGINAL,MARGINAL,True,True
98,PAN,ONSIDE,ONSIDE,ONSIDE,0.0,0.0,0.0,MARGINAL,MARGINAL,MARGINAL,True,True
99,PAN,ONSIDE,ONSIDE,ONSIDE,0.0,0.0,0.0,MARGINAL,MARGINAL,MARGINAL,True,True
100,STATIC,ONSIDE,ONSIDE,ONSIDE,0.0,0.0,0.0,MARGINAL,MARGINAL,MARGINAL,True,True
101,PAN,ONSIDE,ONSIDE,ONSIDE,0.0,0.0,0.0,MARGINAL,MARGINAL,MARGINAL,True,True
102,PAN,ONSIDE,ONSIDE,ONSIDE,0.0,0.0,0.0,MARGINAL,MARGINAL,MARGINAL,True,True
103,PAN,ONSIDE,ONSIDE,ONSIDE,0.0,0.0,0.0,MARGINAL,MARGINAL,MARGINAL,True,True
104,PAN,ONSIDE,ONSIDE,ONSIDE,0.0,0.0,0.0,MARGINAL,MARGINAL,MARGINAL,True,True
105,STATIC,ONSIDE,ONSIDE,ONSIDE,0.0,0.0,0.0,MARGINAL,MARGINAL,MARGINAL,True,True
106,PAN,ONSIDE,ONSIDE,ONSIDE,0.0,0.0,0.0,MARGINAL,MARGINAL,MARGINAL,True,True
107,PAN,ONSIDE,ONSIDE,ONSIDE,0.0,0.0,0.0,MARGINAL,MARGINAL,MARGINAL,True,True
108,PAN,ONSIDE,ONSIDE,ONSIDE,0.0,0.0,0.0,MARGINAL,MARGINAL,MARGINAL,True,True
109,STATIC,ONSIDE,ONSIDE,ONSIDE,0.0,0.0,0.0,MARGINAL,MARGINAL,MARGINAL,True,True
110,PAN,ONSIDE,ONSIDE,ONSIDE,0.0,0.0,0.0,MARGINAL,MARGINAL,MARGINAL,True,True
111,PAN,ONSIDE,ONSIDE,ONSIDE,0.0,0.0,0.0,MARGINAL,MARGINAL,MARGINAL,True,True
112,STATIC,ONSIDE,ONSIDE,ONSIDE,0.0,0.0,0.0,MARGINAL,MARGINAL,MARGINAL,True,True
113,PAN,ONSIDE,ONSIDE,ONSIDE,0.0,0.0,0.0,MARGINAL,MARGINAL,MARGINAL,True,True
114,PAN,ONSIDE,ONSIDE,ONSIDE,0.0,0.0,0.0,MARGINAL,MARGINAL,MARGINAL,True,True
115,PAN,ONSIDE,ONSIDE,ONSIDE,0.0,0.0,0.0,MARGINAL,MARGINAL,MARGINAL,True,True
116,PAN,ONSIDE,ONSIDE,ONSIDE,0.0,0.0,0.0,MARGINAL,MARGINAL,MARGINAL,True,True
117,STATIC,ONSIDE,ONSIDE,ONSIDE,0.0,0.0,0.0,MARGINAL,MARGINAL,MARGINAL,True,True
118,PAN,ONSIDE,ONSIDE,ONSIDE,0.0,0.0,0.0,MARGINAL,MARGINAL,MARGINAL,True,True
119,PAN,ONSIDE,ONSIDE,ONSIDE,0.0,0.0,0.0,MARGINAL,MARGINAL,MARGINAL,True,True
120,PAN,ONSIDE,ONSIDE,ONSIDE,0.0,0.0,0.0,MARGINAL,MARGINAL,MARGINAL,True,True
121,PAN,ONSIDE,ONSIDE,ONSIDE,0.0,0.0,0.0,MARGINAL,MARGINAL,MARGINAL,True,True
122,PAN,ONSIDE,ONSIDE,ONSIDE,0.0,0.0,0.0,MARGINAL,MARGINAL,MARGINAL,True,True
123,PAN,ONSIDE,ONSIDE,ONSIDE,0.0,0.0,0.0,MARGINAL,MARGINAL,MARGINAL,True,True
124,STATIC,ONSIDE,ONSIDE,ONSIDE,0.0,0.0,0.0,MARGINAL,MARGINAL,MARGINAL,True,True
125,PAN,ONSIDE,ONSIDE,ONSIDE,0.0,0.0,0.0,MARGINAL,MARGINAL,MARGINAL,True,True
126,PAN,ONSIDE,ONSIDE,ONSIDE,0.0,0.0,0.0,MARGINAL,MARGINAL,MARGINAL,True,True
127,STATIC,ONSIDE,ONSIDE,ONSIDE,0.0,0.0,0.0,MARGINAL,MARGINAL,MARGINAL,True,True
128,PAN_ZOOM,ONSIDE,ONSIDE,ONSIDE,0.0,0.0,0.0,MARGINAL,MARGINAL,MARGINAL,True,True
129,STATIC,ONSIDE,ONSIDE,ONSIDE,0.0,0.0,0.0,MARGINAL,MARGINAL,MARGINAL,True,True
130,PAN,ONSIDE,ONSIDE,ONSIDE,0.0,0.0,0.0,MARGINAL,MARGINAL,MARGINAL,True,True
131,PAN,ONSIDE,ONSIDE,ONSIDE,0.0,0.0,0.0,MARGINAL,MARGINAL,MARGINAL,True,True
132,PAN,ONSIDE,ONSIDE,ONSIDE,0.0,0.0,0.0,MARGINAL,MARGINAL,MARGINAL,True,True
133,STATIC,ONSIDE,ONSIDE,ONSIDE,0.0,0.0,0.0,MARGINAL,MARGINAL,MARGINAL,True,True
134,PAN_ZOOM,ONSIDE,ONSIDE,ONSIDE,0.0,0.0,0.0,MARGINAL,MARGINAL,MARGINAL,True,True
135,PAN,ONSIDE,ONSIDE,ONSIDE,0.0,0.0,0.0,MARGINAL,MARGINAL,MARGINAL,True,True
136,STATIC,ONSIDE,ONSIDE,ONSIDE,0.0,0.0,0.0,MARGINAL,MARGINAL,MARGINAL,True,True
137,PAN,ONSIDE,ONSIDE,ONSIDE,0.0,0.0,0.0,MARGINAL,MARGINAL,MARGINAL,True,True
138,PAN,ONSIDE,ONSIDE,ONSIDE,0.0,0.0,0.0,MARGINAL,MARGINAL,MARGINAL,True,True
139,STATIC,ONSIDE,ONSIDE,ONSIDE,0.0,0.0,0.0,MARGINAL,MARGINAL,MARGINAL,True,True
140,STATIC,ONSIDE,ONSIDE,ONSIDE,0.0,0.0,0.0,MARGINAL,MARGINAL,MARGINAL,True,True
141,STATIC,ONSIDE,ONSIDE,ONSIDE,0.0,0.0,0.0,MARGINAL,MARGINAL,MARGINAL,True,True
142,STATIC,ONSIDE,ONSIDE,ONSIDE,0.0,0.0,0.0,MARGINAL,MARGINAL,MARGINAL,True,True
143,STATIC,ONSIDE,ONSIDE,ONSIDE,0.0,0.0,0.0,MARGINAL,MARGINAL,MARGINAL,True,True
144,STATIC,ONSIDE,ONSIDE,ONSIDE,0.0,0.0,0.0,MARGINAL,MARGINAL,MARGINAL,True,True
145,STATIC,ONSIDE,ONSIDE,ONSIDE,0.0,0.0,0.0,MARGINAL,MARGINAL,MARGINAL,True,True
146,STATIC,ONSIDE,ONSIDE,ONSIDE,0.0,0.0,0.0,MARGINAL,MARGINAL,MARGINAL,True,True
147,STATIC,ONSIDE,ONSIDE,ONSIDE,0.0,0.0,0.0,MARGINAL,MARGINAL,MARGINAL,True,True
148,STATIC,ONSIDE,ONSIDE,ONSIDE,0.0,0.0,0.0,MARGINAL,MARGINAL,MARGINAL,True,True
149,PAN,ONSIDE,ONSIDE,ONSIDE,0.0,0.0,0.0,MARGINAL,MARGINAL,MARGINAL,True,True
150,PAN,ONSIDE,ONSIDE,ONSIDE,0.0,0.0,0.0,MARGINAL,MARGINAL,MARGINAL,True,True
151,PAN,ONSIDE,ONSIDE,ONSIDE,0.0,0.0,0.0,MARGINAL,MARGINAL,MARGINAL,True,True
152,PAN,ONSIDE,ONSIDE,ONSIDE,0.0,0.0,0.0,MARGINAL,MARGINAL,MARGINAL,True,True
153,STATIC,ONSIDE,ONSIDE,ONSIDE,0.0,0.0,0.0,MARGINAL,MARGINAL,MARGINAL,True,True
154,PAN,ONSIDE,ONSIDE,ONSIDE,0.0,0.0,0.0,MARGINAL,MARGINAL,MARGINAL,True,True
155,PAN,ONSIDE,ONSIDE,ONSIDE,0.0,0.0,0.0,MARGINAL,MARGINAL,MARGINAL,True,True
156,PAN,ONSIDE,ONSIDE,ONSIDE,0.0,0.0,0.0,MARGINAL,MARGINAL,MARGINAL,True,True
157,STATIC,ONSIDE,ONSIDE,ONSIDE,0.0,0.0,0.0,MARGINAL,MARGINAL,MARGINAL,True,True
158,PAN_ZOOM,ONSIDE,ONSIDE,ONSIDE,0.0,0.0,0.0,MARGINAL,MARGINAL,MARGINAL,True,True
159,PAN,ONSIDE,ONSIDE,ONSIDE,0.0,0.0,0.0,MARGINAL,MARGINAL,MARGINAL,True,True
160,STATIC,ONSIDE,ONSIDE,ONSIDE,0.0,0.0,0.0,MARGINAL,MARGINAL,MARGINAL,True,True
161,PAN,ONSIDE,ONSIDE,ONSIDE,0.0,0.0,0.0,MARGINAL,MARGINAL,MARGINAL,True,True
162,PAN,ONSIDE,ONSIDE,ONSIDE,0.0,0.0,0.0,MARGINAL,MARGINAL,MARGINAL,True,True
163,PAN,ONSIDE,ONSIDE,ONSIDE,0.0,0.0,0.0,MARGINAL,MARGINAL,MARGINAL,True,True
164,PAN,ONSIDE,ONSIDE,ONSIDE,0.0,0.0,0.0,MARGINAL,MARGINAL,MARGINAL,True,True
165,STATIC,ONSIDE,ONSIDE,ONSIDE,0.0,0.0,0.0,MARGINAL,MARGINAL,MARGINAL,True,True
166,PAN,ONSIDE,ONSIDE,ONSIDE,0.0,0.0,0.0,MARGINAL,MARGINAL,MARGINAL,True,True
167,PAN,ONSIDE,ONSIDE,ONSIDE,0.0,0.0,0.0,MARGINAL,MARGINAL,MARGINAL,True,True
168,PAN,ONSIDE,ONSIDE,ONSIDE,0.0,0.0,0.0,MARGINAL,MARGINAL,MARGINAL,True,True
169,STATIC,ONSIDE,ONSIDE,ONSIDE,0.0,0.0,0.0,MARGINAL,MARGINAL,MARGINAL,True,True
170,PAN,ONSIDE,ONSIDE,ONSIDE,0.0,0.0,0.0,MARGINAL,MARGINAL,MARGINAL,True,True
171,PAN,ONSIDE,ONSIDE,ONSIDE,0.0,0.0,0.0,MARGINAL,MARGINAL,MARGINAL,True,True
172,STATIC,ONSIDE,ONSIDE,ONSIDE,0.0,0.0,0.0,MARGINAL,MARGINAL,MARGINAL,True,True
173,PAN,ONSIDE,ONSIDE,ONSIDE,0.0,0.0,0.0,MARGINAL,MARGINAL,MARGINAL,True,True
174,PAN,ONSIDE,ONSIDE,ONSIDE,0.0,0.0,0.0,MARGINAL,MARGINAL,MARGINAL,True,True
175,PAN_ZOOM,ONSIDE,ONSIDE,ONSIDE,0.0,0.0,0.0,MARGINAL,MARGINAL,MARGINAL,True,True
176,STATIC,ONSIDE,ONSIDE,ONSIDE,0.0,0.0,0.0,MARGINAL,MARGINAL,MARGINAL,True,True
177,PAN,ONSIDE,ONSIDE,ONSIDE,0.0,0.0,0.0,MARGINAL,MARGINAL,MARGINAL,True,True
178,STATIC,ONSIDE,ONSIDE,ONSIDE,0.0,0.0,0.0,MARGINAL,MARGINAL,MARGINAL,True,True
179,PAN,ONSIDE,ONSIDE,ONSIDE,0.0,0.0,0.0,MARGINAL,MARGINAL,MARGINAL,True,True
180,PAN,ONSIDE,ONSIDE,ONSIDE,0.0,0.0,0.0,MARGINAL,MARGINAL,MARGINAL,True,True
181,PAN,ONSIDE,ONSIDE,ONSIDE,0.0,0.0,0.0,MARGINAL,MARGINAL,MARGINAL,True,True
182,PAN,ONSIDE,ONSIDE,ONSIDE,0.0,0.0,0.0,MARGINAL,MARGINAL,MARGINAL,True,True
183,PAN,ONSIDE,ONSIDE,ONSIDE,0.0,0.0,0.0,MARGINAL,MARGINAL,MARGINAL,True,True
184,STATIC,ONSIDE,ONSIDE,ONSIDE,0.0,0.0,0.0,MARGINAL,MARGINAL,MARGINAL,True,True
185,PAN,ONSIDE,ONSIDE,ONSIDE,0.0,0.0,0.0,MARGINAL,MARGINAL,MARGINAL,True,True
186,PAN,ONSIDE,ONSIDE,ONSIDE,0.0,0.0,0.0,MARGINAL,MARGINAL,MARGINAL,True,True
187,STATIC,ONSIDE,ONSIDE,ONSIDE,0.0,0.0,0.0,MARGINAL,MARGINAL,MARGINAL,True,True
188,PAN,ONSIDE,ONSIDE,ONSIDE,0.0,0.0,0.0,MARGINAL,MARGINAL,MARGINAL,True,True
189,PAN,ONSIDE,ONSIDE,ONSIDE,0.0,0.0,0.0,MARGINAL,MARGINAL,MARGINAL,True,True
190,STATIC,ONSIDE,ONSIDE,ONSIDE,0.0,0.0,0.0,MARGINAL,MARGINAL,MARGINAL,True,True
191,PAN,ONSIDE,ONSIDE,ONSIDE,0.0,0.0,0.0,MARGINAL,MARGINAL,MARGINAL,True,True
192,PAN,ONSIDE,ONSIDE,ONSIDE,0.0,0.0,0.0,MARGINAL,MARGINAL,MARGINAL,True,True
193,PAN,ONSIDE,ONSIDE,ONSIDE,0.0,0.0,0.0,MARGINAL,MARGINAL,MARGINAL,True,True
194,PAN,ONSIDE,ONSIDE,ONSIDE,0.0,0.0,0.0,MARGINAL,MARGINAL,MARGINAL,True,True
195,PAN,ONSIDE,ONSIDE,ONSIDE,0.0,0.0,0.0,MARGINAL,MARGINAL,MARGINAL,True,True
196,STATIC,ONSIDE,ONSIDE,ONSIDE,0.0,0.0,0.0,MARGINAL,MARGINAL,MARGINAL,True,True
197,PAN,ONSIDE,ONSIDE,ONSIDE,0.0,0.0,0.0,MARGINAL,MARGINAL,MARGINAL,True,True
198,PAN,ONSIDE,ONSIDE,ONSIDE,0.0,0.0,0.0,MARGINAL,MARGINAL,MARGINAL,True,True
199,STATIC,ONSIDE,ONSIDE,ONSIDE,0.0,0.0,0.0,MARGINAL,MARGINAL,MARGINAL,True,True
200,PAN,ONSIDE,ONSIDE,ONSIDE,0.0,0.0,0.0,MARGINAL,MARGINAL,MARGINAL,True,True
201,PAN,ONSIDE,ONSIDE,ONSIDE,0.0,0.0,0.0,MARGINAL,MARGINAL,MARGINAL,True,True
202,STATIC,ONSIDE,ONSIDE,ONSIDE,0.0,0.0,0.0,MARGINAL,MARGINAL,MARGINAL,True,True
203,PAN,ONSIDE,ONSIDE,ONSIDE,0.0,0.0,0.0,MARGINAL,MARGINAL,MARGINAL,True,True
204,PAN,ONSIDE,ONSIDE,ONSIDE,0.0,0.0,0.0,MARGINAL,MARGINAL,MARGINAL,True,True
205,STATIC,ONSIDE,ONSIDE,ONSIDE,0.0,0.0,0.0,MARGINAL,MARGINAL,MARGINAL,True,True
206,PAN_ZOOM,ONSIDE,ONSIDE,ONSIDE,0.0,0.0,0.0,MARGINAL,MARGINAL,MARGINAL,True,True
207,PAN,ONSIDE,ONSIDE,ONSIDE,0.0,0.0,0.0,MARGINAL,MARGINAL,MARGINAL,True,True
208,STATIC,ONSIDE,ONSIDE,ONSIDE,0.0,0.0,0.0,MARGINAL,MARGINAL,MARGINAL,True,True
209,PAN,ONSIDE,ONSIDE,ONSIDE,0.0,0.0,0.0,MARGINAL,MARGINAL,MARGINAL,True,True
210,PAN,ONSIDE,ONSIDE,ONSIDE,0.0,0.0,0.0,MARGINAL,MARGINAL,MARGINAL,True,True
211,PAN,ONSIDE,ONSIDE,ONSIDE,0.0,0.0,0.0,MARGINAL,MARGINAL,MARGINAL,True,True
212,PAN,ONSIDE,ONSIDE,ONSIDE,0.0,0.0,0.0,MARGINAL,MARGINAL,MARGINAL,True,True
213,PAN,ONSIDE,ONSIDE,ONSIDE,0.0,0.0,0.0,MARGINAL,MARGINAL,MARGINAL,True,True
214,STATIC,ONSIDE,ONSIDE,ONSIDE,0.0,0.0,0.0,MARGINAL,MARGINAL,MARGINAL,True,True
215,PAN,ONSIDE,ONSIDE,ONSIDE,0.0,0.0,0.0,MARGINAL,MARGINAL,MARGINAL,True,True
216,PAN,ONSIDE,ONSIDE,ONSIDE,0.0,0.0,0.0,MARGINAL,MARGINAL,MARGINAL,True,True
217,PAN,ONSIDE,ONSIDE,ONSIDE,0.0,0.0,0.0,MARGINAL,MARGINAL,MARGINAL,True,True
218,PAN,ONSIDE,ONSIDE,ONSIDE,0.0,0.0,0.0,MARGINAL,MARGINAL,MARGINAL,True,True
219,PAN,ONSIDE,ONSIDE,ONSIDE,0.0,0.0,0.0,MARGINAL,MARGINAL,MARGINAL,True,True
220,STATIC,ONSIDE,ONSIDE,ONSIDE,0.0,0.0,0.0,MARGINAL,MARGINAL,MARGINAL,True,True
221,PAN,ONSIDE,ONSIDE,ONSIDE,0.0,0.0,0.0,MARGINAL,MARGINAL,MARGINAL,True,True
222,PAN_ZOOM,ONSIDE,ONSIDE,ONSIDE,0.0,0.0,0.0,MARGINAL,MARGINAL,MARGINAL,True,True
223,STATIC,ONSIDE,ONSIDE,ONSIDE,0.0,0.0,0.0,MARGINAL,MARGINAL,MARGINAL,True,True
224,PAN,ONSIDE,ONSIDE,ONSIDE,0.0,0.0,0.0,MARGINAL,MARGINAL,MARGINAL,True,True
225,PAN,ONSIDE,ONSIDE,ONSIDE,0.0,0.0,0.0,MARGINAL,MARGINAL,MARGINAL,True,True
226,STATIC,ONSIDE,ONSIDE,ONSIDE,0.0,0.0,0.0,MARGINAL,MARGINAL,MARGINAL,True,True
227,PAN,ONSIDE,ONSIDE,ONSIDE,0.0,0.0,0.0,MARGINAL,MARGINAL,MARGINAL,True,True
228,PAN_ZOOM,ONSIDE,ONSIDE,ONSIDE,0.0,0.0,0.0,MARGINAL,MARGINAL,MARGINAL,True,True
229,STATIC,ONSIDE,ONSIDE,ONSIDE,0.0,0.0,0.0,MARGINAL,MARGINAL,MARGINAL,True,True
230,PAN,ONSIDE,ONSIDE,ONSIDE,0.0,0.0,0.0,MARGINAL,MARGINAL,MARGINAL,True,True
231,PAN,ONSIDE,ONSIDE,ONSIDE,0.0,0.0,0.0,MARGINAL,MARGINAL,MARGINAL,True,True
232,STATIC,ONSIDE,ONSIDE,ONSIDE,0.0,0.0,0.0,MARGINAL,MARGINAL,MARGINAL,True,True
233,PAN,ONSIDE,ONSIDE,ONSIDE,0.0,0.0,0.0,MARGINAL,MARGINAL,MARGINAL,True,True
234,PAN,ONSIDE,ONSIDE,ONSIDE,0.0,0.0,0.0,MARGINAL,MARGINAL,MARGINAL,True,True
235,PAN,ONSIDE,ONSIDE,ONSIDE,0.0,0.0,0.0,MARGINAL,MARGINAL,MARGINAL,True,True
236,PAN,ONSIDE,ONSIDE,ONSIDE,0.0,0.0,0.0,MARGINAL,MARGINAL,MARGINAL,True,True
237,PAN,ONSIDE,ONSIDE,ONSIDE,0.0,0.0,0.0,MARGINAL,MARGINAL,MARGINAL,True,True
238,STATIC,ONSIDE,ONSIDE,ONSIDE,0.0,0.0,0.0,MARGINAL,MARGINAL,MARGINAL,True,True
239,PAN,ONSIDE,ONSIDE,ONSIDE,0.0,0.0,0.0,MARGINAL,MARGINAL,MARGINAL,True,True
240,PAN_ZOOM,ONSIDE,ONSIDE,ONSIDE,0.0,0.0,0.0,MARGINAL,MARGINAL,MARGINAL,True,True
