frame_id,motion_class,status_b,status_c,cond_num_a,cond_num_b,cond_num_c,det_a,det_b,det_c,delta_H_frob_b,delta_H_frob_c
0,STATIC,ACCEPTED,ACCEPTED,3272.1,3272.1,3272.1,-0.003,-0.003,-0.003,0.0,0.0
1,STATIC,ACCEPTED,ACCEPTED,3272.1,3272.0,3272.0,-0.003,-0.003,-0.003,0.0002,0.0002
2,STATIC,ACCEPTED,ACCEPTED,3272.1,3272.0,3272.0,-0.003,-0.003,-0.003,0.0002,0.0002
3,STATIC,ACCEPTED,ACCEPTED,3272.1,3271.7,3271.7,-0.003,-0.003,-0.003,0.0008,0.0008
4,STATIC,ACCEPTED,ACCEPTED,3272.1,3271.7,3271.7,-0.003,-0.003,-0.003,0.0,0.0
5,STATIC,ACCEPTED,ACCEPTED,3272.1,3258.8,3258.8,-0.003,-0.003,-0.003,0.0348,0.0348
6,STATIC,ACCEPTED,ACCEPTED,3272.1,3244.4,3244.4,-0.003,-0.003,-0.003,0.0394,0.0394
7,STATIC,ACCEPTED,ACCEPTED,3272.1,3231.8,3231.7,-0.003,-0.003,-0.003,0.0337,0.0339
8,STATIC,ACCEPTED,ACCEPTED,3272.1,3222.3,3222.3,-0.003,-0.003,-0.003,0.0248,0.0248
9,STATIC,ACCEPTED,ACCEPTED,3272.1,3222.3,3222.3,-0.003,-0.003,-0.003,0.0,0.0
10,STATIC,ACCEPTED,ACCEPTED,3272.1,3213.8,3213.8,-0.003,-0.003,-0.003,0.019,0.019
11,STATIC,ACCEPTED,ACCEPTED,3272.1,3208.3,3208.4,-0.003,-0.003,-0.003,0.0092,0.0088
12,STATIC,ACCEPTED,ACCEPTED,3272.1,3215.5,3213.9,-0.003,-0.003,-0.003,0.0411,0.0354
13,STATIC,ACCEPTED,ACCEPTED,3272.1,3223.8,3224.0,-0.003,-0.003,-0.003,0.0421,0.049
14,STATIC,ACCEPTED,ACCEPTED,3272.1,3216.6,3217.5,-0.003,-0.003,-0.003,0.0318,0.0243
15,STATIC,ACCEPTED,ACCEPTED,3272.1,3216.5,3217.4,-0.003,-0.003,-0.003,0.0007,0.0007
16,STATIC,ACCEPTED,ACCEPTED,3272.1,3216.9,3217.6,-0.003,-0.003,-0.003,0.0652,0.0654
17,STATIC,ACCEPTED,ACCEPTED,3272.1,3234.1,3221.1,-0.003,-0.003,-0.003,0.0917,0.0292
18,STATIC,ACCEPTED,ACCEPTED,3272.1,3222.0,3210.8,-0.003,-0.003,-0.003,0.1072,0.0274
19,STATIC,ACCEPTED,ACCEPTED,3272.1,3218.9,3204.9,-0.003,-0.003,-0.003,0.0042,0.0101
20,STATIC,ACCEPTED,ACCEPTED,3272.1,3212.9,3198.7,-0.003,-0.003,-0.003,0.0132,0.0116
21,STATIC,ACCEPTED,ACCEPTED,3272.1,3212.6,3198.4,-0.003,-0.003,-0.003,0.001,0.001
22,STATIC,ACCEPTED,ACCEPTED,3272.1,3201.2,3186.9,-0.003,-0.003,-0.003,0.032,0.032
23,STATIC,ACCEPTED,ACCEPTED,3272.1,3201.2,3185.6,-0.003,-0.003,-0.003,0.0104,0.0057
24,STATIC,ACCEPTED,ACCEPTED,3272.1,3197.8,3181.5,-0.003,-0.003,-0.003,0.0058,0.0074
25,STATIC,ACCEPTED,ACCEPTED,3272.1,3197.1,3181.9,-0.003,-0.003,-0.003,0.0051,0.013
26,STATIC,ACCEPTED,ACCEPTED,3272.1,3192.0,3176.9,-0.003,-0.003,-0.003,0.0144,0.0143
27,STATIC,ACCEPTED,ACCEPTED,3272.1,3192.4,3176.9,-0.003,-0.003,-0.003,0.0016,0.0005
28,STATIC,ACCEPTED,ACCEPTED,3272.1,3186.4,3167.4,-0.003,-0.003,-0.003,0.0193,0.035
29,STATIC,ACCEPTED,ACCEPTED,3272.1,3173.8,3155.1,-0.003,-0.003,-0.003,0.0535,0.0529
30,STATIC,ACCEPTED,ACCEPTED,3272.1,3174.6,3152.7,-0.003,-0.003,-0.003,0.0291,0.0224
31,STATIC,ACCEPTED,ACCEPTED,3272.1,3164.1,3148.0,-0.003,-0.003,-0.003,0.0456,0.0295
32,STATIC,ACCEPTED,ACCEPTED,3272.1,3156.3,3140.3,-0.003,-0.003,-0.003,0.0388,0.0414
33,STATIC,ACCEPTED,ACCEPTED,3272.1,3156.0,3140.1,-0.003,-0.003,-0.003,0.001,0.001
34,STATIC,ACCEPTED,ACCEPTED,3272.1,3150.0,3134.0,-0.003,-0.003,-0.003,0.0342,0.0342
35,STATIC,ACCEPTED,ACCEPTED,3272.1,3138.5,3124.0,-0.003,-0.003,-0.003,0.0666,0.0492
36,STATIC,ACCEPTED,ACCEPTED,3272.1,3140.3,3125.6,-0.003,-0.003,-0.003,0.0048,0.0042
37,STATIC,ACCEPTED,ACCEPTED,3272.1,3123.5,3119.0,-0.003,-0.003,-0.003,0.0676,0.0354
38,STATIC,ACCEPTED,ACCEPTED,3272.1,3061.4,3112.9,-0.003,-0.003,-0.003,0.2523,0.0362
39,STATIC,ACCEPTED,ACCEPTED,3272.1,3061.4,3112.6,-0.003,-0.003,-0.003,0.0009,0.0006
40,STATIC,ACCEPTED,ACCEPTED,3272.1,3046.4,3099.4,-0.003,-0.003,-0.003,0.0761,0.0611
41,STATIC,ACCEPTED,ACCEPTED,3272.1,3044.8,3097.9,-0.003,-0.003,-0.003,0.0199,0.0201
42,STATIC,ACCEPTED,ACCEPTED,3272.1,3054.4,3086.9,-0.003,-0.003,-0.003,0.0524,0.0699
43,LOW_MOTION,ACCEPTED,ACCEPTED,3272.1,2984.6,3066.8,-0.003,-0.003,-0.003,0.2989,0.1153
44,LOW_MOTION,ACCEPTED,ACCEPTED,3272.1,2959.4,3058.2,-0.003,-0.003,-0.003,0.1117,0.0683
45,LOW_MOTION,ACCEPTED,ACCEPTED,3272.1,2950.1,3050.1,-0.003,-0.003,-0.003,0.064,0.0618
46,STATIC,ACCEPTED,ACCEPTED,3272.1,2949.7,3049.6,-0.003,-0.003,-0.003,0.0022,0.0022
47,LOW_MOTION,ACCEPTED,ACCEPTED,3272.1,2949.3,3043.3,-0.003,-0.003,-0.003,0.0443,0.0957
48,LOW_MOTION,ACCEPTED,ACCEPTED,3272.1,2992.7,3033.5,-0.003,-0.003,-0.003,0.1503,0.1075
49,PAN,ACCEPTED,ACCEPTED,3272.1,2965.0,3035.2,-0.003,-0.003,-0.003,0.172,0.1179
50,PAN,ACCEPTED,ACCEPTED,3272.1,2912.5,3074.8,-0.003,-0.003,-0.003,0.317,0.1574
51,STATIC,ACCEPTED,ACCEPTED,3272.1,2912.5,3074.8,-0.003,-0.003,-0.003,0.0001,0.0001
52,PAN,ACCEPTED,ACCEPTED,3272.1,2993.0,3160.1,-0.003,-0.003,-0.003,0.2892,0.2935
53,PAN,ACCEPTED,ACCEPTED,3272.1,3036.6,3203.3,-0.003,-0.003,-0.003,0.3387,0.3571
54,PAN,ACCEPTED,ACCEPTED,3272.1,3111.5,3289.1,-0.003,-0.003,-0.003,0.2639,0.2894
55,PAN,ACCEPTED,ACCEPTED,3272.1,3000.7,3155.1,-0.003,-0.003,-0.003,0.5737,0.6653
56,PAN,ACCEPTED,ACCEPTED,3272.1,3053.2,3198.7,-0.003,-0.003,-0.003,0.1977,0.1697
57,STATIC,ACCEPTED,ACCEPTED,3272.1,3053.5,3199.0,-0.003,-0.003,-0.003,0.0012,0.0012
58,PAN,ACCEPTED,ACCEPTED,3272.1,3127.5,3275.3,-0.003,-0.003,-0.003,0.2508,0.2506
59,PAN,ACCEPTED,ACCEPTED,3272.1,3254.2,3358.2,-0.003,-0.003,-0.003,0.4428,0.3394
60,STATIC,ACCEPTED,ACCEPTED,3272.1,3254.0,3357.9,-0.003,-0.003,-0.003,0.0008,0.0008
61,PAN,ACCEPTED,ACCEPTED,3272.1,3279.9,3398.5,-0.003,-0.003,-0.003,0.1789,0.192
62,PAN,ACCEPTED,ACCEPTED,3272.1,3330.5,3451.7,-0.003,-0.003,-0.003,0.1259,0.1888
63,STATIC,ACCEPTED,ACCEPTED,3272.1,3330.5,3451.6,-0.003,-0.003,-0.003,0.0001,0.0001
64,PAN,ACCEPTED,ACCEPTED,3272.1,3403.2,3529.3,-0.003,-0.003,-0.003,0.2426,0.2455
65,PAN,ACCEPTED,ACCEPTED,3272.1,3504.5,3579.8,-0.003,-0.003,-0.003,0.2739,0.1545
66,PAN,ACCEPTED,ACCEPTED,3272.1,3506.0,3620.3,-0.003,-0.003,-0.003,0.1403,0.1403
67,PAN,ACCEPTED,ACCEPTED,3272.1,3550.9,3667.2,-0.003,-0.003,-0.003,0.2054,0.2064
68,PAN,ACCEPTED,ACCEPTED,3272.1,3616.8,3739.8,-0.003,-0.003,-0.003,0.236,0.2559
69,STATIC,ACCEPTED,ACCEPTED,3272.1,3617.0,3739.7,-0.003,-0.003,-0.003,0.0006,0.0013
70,PAN,ACCEPTED,ACCEPTED,3272.1,3681.2,3846.1,-0.003,-0.003,-0.003,0.2283,0.2692
71,PAN,ACCEPTED,ACCEPTED,3272.1,3717.2,3885.0,-0.003,-0.003,-0.003,0.1529,0.0919
72,PAN,ACCEPTED,FALLBACK_PREVIOUS_VALID,3272.1,3786.9,3885.0,-0.003,-0.003,-0.003,0.2375,0.0
73,PAN,ACCEPTED,ACCEPTED,3272.1,3715.9,3929.9,-0.003,-0.003,-0.003,0.29,0.1614
74,PAN,ACCEPTED,FALLBACK_PREVIOUS_VALID,3272.1,3753.7,3929.9,-0.003,-0.003,-0.003,0.1629,0.0
75,STATIC,ACCEPTED,ACCEPTED,3272.1,3753.9,3930.1,-0.003,-0.003,-0.003,0.001,0.0011
76,PAN,ACCEPTED,ACCEPTED,3272.1,3820.6,3997.7,-0.003,-0.003,-0.003,0.1815,0.1837
77,PAN,ACCEPTED,FALLBACK_PREVIOUS_VALID,3272.1,3880.5,3997.7,-0.003,-0.003,-0.003,0.1624,0.0
78,PAN,ACCEPTED,FALLBACK_PREVIOUS_VALID,3272.1,3821.9,3997.7,-0.003,-0.003,-0.003,0.2681,0.0
79,PAN,ACCEPTED,ACCEPTED,3272.1,3891.9,3870.5,-0.003,-0.003,-0.003,0.1841,0.5049
80,PAN,ACCEPTED,FALLBACK_PREVIOUS_VALID,3272.1,3977.8,3870.5,-0.003,-0.003,-0.003,0.1993,0.0
81,STATIC,ACCEPTED,FALLBACK_PREVIOUS_VALID,3272.1,3977.7,3870.5,-0.003,-0.003,-0.003,0.0005,0.0
82,PAN,ACCEPTED,FALLBACK_PREVIOUS_VALID,3272.1,3812.0,3870.5,-0.003,-0.003,-0.003,0.5986,0.0
83,PAN,ACCEPTED,ACCEPTED,3272.1,4050.5,3682.8,-0.003,-0.003,-0.003,0.5609,0.7267
84,PAN,ACCEPTED,FALLBACK_PREVIOUS_VALID,3272.1,4147.9,3682.8,-0.003,-0.003,-0.003,0.1953,0.0
85,PAN,ACCEPTED,ACCEPTED,3272.1,4249.5,3774.0,-0.003,-0.003,-0.003,0.2201,0.2184
86,PAN,ACCEPTED,ACCEPTED,3272.1,4362.0,3869.5,-0.003,-0.003,-0.003,0.2407,0.2076
87,STATIC,ACCEPTED,ACCEPTED,3272.1,4362.1,3869.6,-0.003,-0.003,-0.003,0.0015,0.0015
88,PAN,ACCEPTED,ACCEPTED,3272.1,4620.4,4027.5,-0.003,-0.003,-0.003,0.5487,0.3405
89,PAN,ACCEPTED,ACCEPTED,3272.1,4719.1,4065.2,-0.003,-0.003,-0.003,0.1903,0.142
90,PAN,ACCEPTED,ACCEPTED,3272.1,4540.6,3942.7,-0.003,-0.003,-0.003,0.6034,0.4702
91,STATIC,ACCEPTED,ACCEPTED,3272.1,4540.8,3942.8,-0.003,-0.003,-0.003,0.0007,0.0007
92,PAN,ACCEPTED,ACCEPTED,3272.1,4807.5,4165.3,-0.003,-0.003,-0.003,0.4926,0.4636
93,PAN,ACCEPTED,ACCEPTED,3272.1,4948.6,4336.6,-0.003,-0.003,-0.003,0.2603,0.3809
94,STATIC,ACCEPTED,ACCEPTED,3272.1,4947.4,4335.4,-0.003,-0.003,-0.003,0.0034,0.0033
95,PAN,ACCEPTED,ACCEPTED,3272.1,5098.5,4473.5,-0.003,-0.003,-0.003,0.278,0.2752
96,PAN,ACCEPTED,FALLBACK_PREVIOUS_VALID,3272.1,5105.5,4473.5,-0.003,-0.003,-0.003,0.1716,0.0
97,STATIC,ACCEPTED,ACCEPTED,3272.1,5102.4,4473.5,-0.003,-0.003,-0.003,0.0083,0.0002
98,PAN,ACCEPTED,ACCEPTED,3272.1,5408.6,4751.8,-0.003,-0.003,-0.003,0.5248,0.5229
99,PAN,ACCEPTED,ACCEPTED,3272.1,5570.6,4902.6,-0.003,-0.003,-0.003,0.2783,0.2806
100,STATIC,ACCEPTED,ACCEPTED,3272.1,5570.5,4901.1,-0.003,-0.003,-0.003,0.0004,0.0043
101,PAN,ACCEPTED,ACCEPTED,3272.1,5848.0,5047.7,-0.003,-0.003,-0.003,0.503,0.2703
102,PAN,ACCEPTED,ACCEPTED,3272.1,6080.2,5128.9,-0.003,-0.003,-0.003,0.4156,0.1237
103,PAN,ACCEPTED,ACCEPTED,3272.1,6345.0,5368.2,-0.003,-0.003,-0.003,0.4774,0.464
104,PAN,ACCEPTED,ACCEPTED,3272.1,6557.4,5574.6,-0.003,-0.003,-0.003,0.3423,0.3747
105,STATIC,ACCEPTED,ACCEPTED,3272.1,6556.5,5574.2,-0.003,-0.003,-0.003,0.0027,0.0009
106,PAN,ACCEPTED,ACCEPTED,3272.1,6752.5,5749.9,-0.003,-0.003,-0.003,0.3124,0.305
107,PAN,ACCEPTED,ACCEPTED,3272.1,6643.9,5939.1,-0.003,-0.003,-0.003,0.4623,0.313
108,PAN,ACCEPTED,ACCEPTED,3272.1,6853.3,6125.3,-0.003,-0.003,-0.003,0.3205,0.3
109,STATIC,ACCEPTED,ACCEPTED,3272.1,6852.8,6124.9,-0.003,-0.003,-0.003,0.001,0.001
110,PAN,ACCEPTED,ACCEPTED,3272.1,7339.3,6548.5,-0.003,-0.003,-0.003,0.7362,0.6738
111,PAN,ACCEPTED,ACCEPTED,3272.1,7639.4,5898.5,-0.003,-0.003,-0.003,0.4406,1.7378
112,STATIC,ACCEPTED,ACCEPTED,3272.1,7639.1,5898.6,-0.003,-0.003,-0.003,0.0008,0.0009
113,PAN,ACCEPTED,ACCEPTED,3272.1,7965.4,6173.3,-0.003,-0.003,-0.003,0.477,0.4518
114,PAN,ACCEPTED,ACCEPTED,3272.1,8338.5,6492.6,-0.003,-0.003,-0.003,0.508,0.474
115,PAN,ACCEPTED,ACCEPTED,3272.1,8688.1,6885.1,-0.003,-0.003,-0.003,0.4263,0.584
116,PAN,ACCEPTED,ACCEPTED,3272.1,9199.7,7303.0,-0.003,-0.003,-0.003,0.6817,0.5854
117,STATIC,ACCEPTED,ACCEPTED,3272.1,9199.6,7302.8,-0.003,-0.003,-0.003,0.0008,0.0008
118,PAN,ACCEPTED,ACCEPTED,3272.1,9728.3,7763.5,-0.003,-0.003,-0.003,0.6747,0.6349
119,PAN,ACCEPTED,ACCEPTED,3272.1,10319.4,8268.0,-0.003,-0.003,-0.003,0.7321,0.6669
120,PAN,ACCEPTED,ACCEPTED,3272.1,10968.9,8857.1,-0.003,-0.003,-0.003,0.7803,0.7565
121,PAN,ACCEPTED,ACCEPTED,3272.1,11686.4,9512.1,-0.003,-0.003,-0.003,0.8526,0.8214
122,PAN,ACCEPTED,ACCEPTED,3272.1,12474.1,10211.9,-0.003,-0.003,-0.003,0.9222,0.8658
123,PAN,ACCEPTED,ACCEPTED,3272.1,13333.5,11043.2,-0.003,-0.004,-0.003,0.9644,1.0224
124,STATIC,ACCEPTED,ACCEPTED,3272.1,13333.4,11043.1,-0.003,-0.004,-0.003,0.0006,0.001
125,PAN,ACCEPTED,ACCEPTED,3272.1,14205.7,11817.6,-0.003,-0.004,-0.003,0.9359,0.8978
126,PAN,ACCEPTED,ACCEPTED,3272.1,15176.8,12684.8,-0.003,-0.004,-0.003,1.0336,0.9666
127,STATIC,ACCEPTED,ACCEPTED,3272.1,15176.5,12684.5,-0.003,-0.004,-0.003,0.0015,0.0008
128,PAN_ZOOM,ACCEPTED,ACCEPTED,3272.1,17212.4,14532.6,-0.003,-0.004,-0.003,2.0882,1.9585
129,STATIC,ACCEPTED,ACCEPTED,3272.1,17212.4,14532.6,-0.003,-0.004,-0.003,0.0,0.0001
130,PAN,ACCEPTED,ACCEPTED,3272.1,18305.9,15532.9,-0.003,-0.004,-0.003,1.1012,1.0444
131,PAN,ACCEPTED,ACCEPTED,3272.1,19418.5,16544.6,-0.003,-0.004,-0.003,1.0872,1.0081
132,PAN,ACCEPTED,ACCEPTED,3272.1,20581.7,17619.6,-0.003,-0.004,-0.003,1.114,1.0553
133,STATIC,ACCEPTED,ACCEPTED,3272.1,20581.8,17619.6,-0.003,-0.004,-0.003,0.0001,0.0001
134,PAN_ZOOM,ACCEPTED,ACCEPTED,3272.1,23079.9,20058.6,-0.003,-0.004,-0.003,2.3429,2.3503
135,PAN,ACCEPTED,ACCEPTED,3272.1,24422.4,21306.5,-0.003,-0.004,-0.004,1.2409,1.1558
136,STATIC,ACCEPTED,ACCEPTED,3272.1,24422.5,21306.5,-0.003,-0.004,-0.004,0.0028,0.0012
137,PAN,ACCEPTED,ACCEPTED,3272.1,25775.7,22582.9,-0.003,-0.004,-0.004,1.2066,1.1609
138,PAN,ACCEPTED,ACCEPTED,3272.1,27167.7,23886.3,-0.003,-0.004,-0.004,1.2419,1.1594
139,STATIC,ACCEPTED,ACCEPTED,3272.1,27167.7,23886.4,-0.003,-0.004,-0.004,0.0005,0.0001
140,STATIC,ACCEPTED,ACCEPTED,3272.1,27167.2,23885.9,-0.003,-0.004,-0.004,0.0013,0.0015
141,STATIC,ACCEPTED,ACCEPTED,3272.1,27167.2,23885.9,-0.003,-0.004,-0.004,0.0008,0.0007
142,STATIC,ACCEPTED,ACCEPTED,3272.1,27167.0,23885.8,-0.003,-0.004,-0.004,0.0008,0.0007
143,STATIC,ACCEPTED,ACCEPTED,3272.1,27167.0,23885.9,-0.003,-0.004,-0.004,0.0006,0.0003
144,STATIC,ACCEPTED,ACCEPTED,3272.1,27167.1,23885.8,-0.003,-0.004,-0.004,0.0013,0.0002
145,STATIC,ACCEPTED,ACCEPTED,3272.1,27167.2,23885.7,-0.003,-0.004,-0.004,0.0004,0.0001
146,STATIC,ACCEPTED,ACCEPTED,3272.1,27167.2,23885.8,-0.003,-0.004,-0.004,0.0003,0.0003
147,STATIC,ACCEPTED,ACCEPTED,3272.1,27167.3,23886.0,-0.003,-0.004,-0.004,0.0036,0.0032
148,STATIC,ACCEPTED,ACCEPTED,3272.1,27167.3,23886.0,-0.003,-0.004,-0.004,0.0002,0.0002
149,PAN,ACCEPTED,ACCEPTED,3272.1,28631.0,25253.5,-0.003,-0.004,-0.004,1.2885,1.1985
150,PAN,ACCEPTED,ACCEPTED,3272.1,30122.3,26643.2,-0.003,-0.005,-0.004,1.3068,1.2131
151,PAN,ACCEPTED,ACCEPTED,3272.1,31649.3,28077.3,-0.003,-0.005,-0.004,1.3207,1.241
152,PAN,ACCEPTED,ACCEPTED,3272.1,33213.2,29547.7,-0.003,-0.005,-0.004,1.3502,1.2488
153,STATIC,ACCEPTED,ACCEPTED,3272.1,33213.1,29547.7,-0.003,-0.005,-0.004,0.0,0.0
154,PAN,ACCEPTED,ACCEPTED,3272.1,34802.8,31044.1,-0.003,-0.005,-0.004,1.3533,1.2614
155,PAN,ACCEPTED,ACCEPTED,3272.1,36382.6,32533.8,-0.003,-0.005,-0.004,1.3378,1.2371
156,PAN,ACCEPTED,ACCEPTED,3272.1,37918.5,33984.1,-0.003,-0.005,-0.004,1.2713,1.2132
157,STATIC,ACCEPTED,ACCEPTED,3272.1,37918.0,33983.6,-0.003,-0.005,-0.004,0.0006,0.0006
158,PAN_ZOOM,ACCEPTED,ACCEPTED,3272.1,40984.5,36877.1,-0.003,-0.005,-0.004,2.5754,2.4036
159,PAN,ACCEPTED,ACCEPTED,3272.1,42494.6,38313.7,-0.003,-0.005,-0.004,1.2663,1.1773
160,STATIC,ACCEPTED,ACCEPTED,3272.1,42494.3,38313.5,-0.003,-0.005,-0.004,0.0011,0.0014
161,PAN,ACCEPTED,ACCEPTED,3272.1,44011.8,39712.2,-0.003,-0.005,-0.004,1.2464,1.1036
162,PAN,ACCEPTED,ACCEPTED,3272.1,45632.5,41171.6,-0.003,-0.005,-0.005,0.9172,1.1799
163,PAN,ACCEPTED,ACCEPTED,3272.1,47298.0,42761.8,-0.003,-0.005,-0.005,1.3726,1.2937
164,PAN,ACCEPTED,ACCEPTED,3272.1,49023.1,44409.7,-0.003,-0.006,-0.005,1.4513,1.3884
165,STATIC,ACCEPTED,ACCEPTED,3272.1,49023.7,44410.8,-0.003,-0.006,-0.005,0.0007,0.0006
166,PAN,ACCEPTED,ACCEPTED,3272.1,50825.5,46154.8,-0.003,-0.006,-0.005,1.4769,1.4512
167,PAN,ACCEPTED,ACCEPTED,3272.1,52682.2,47947.8,-0.003,-0.006,-0.005,1.5674,1.4753
168,PAN,ACCEPTED,ACCEPTED,3272.1,54585.8,49800.3,-0.003,-0.006,-0.005,1.4438,1.4854
169,STATIC,ACCEPTED,ACCEPTED,3272.1,54585.3,49799.9,-0.003,-0.006,-0.005,0.0016,0.0015
170,PAN,ACCEPTED,ACCEPTED,3272.1,58726.2,53793.0,-0.003,-0.006,-0.005,3.4332,3.266
171,PAN,ACCEPTED,ACCEPTED,3272.1,60939.4,55917.7,-0.003,-0.006,-0.006,1.8853,1.7637
172,STATIC,ACCEPTED,ACCEPTED,3272.1,60939.1,55917.0,-0.003,-0.006,-0.006,0.0008,0.0023
173,PAN,ACCEPTED,ACCEPTED,3272.1,63188.4,58092.4,-0.003,-0.007,-0.006,1.9239,1.8096
174,PAN,ACCEPTED,ACCEPTED,3272.1,65502.2,60320.1,-0.003,-0.007,-0.006,1.9409,1.7784
175,PAN_ZOOM,ACCEPTED,ACCEPTED,3272.1,70127.2,64785.9,-0.003,-0.007,-0.006,4.1674,3.7759
176,STATIC,ACCEPTED,ACCEPTED,3272.1,70126.9,64785.6,-0.003,-0.007,-0.006,0.0005,0.0003
177,PAN,ACCEPTED,ACCEPTED,3272.1,72381.1,66982.7,-0.003,-0.008,-0.006,1.9682,1.8385
178,STATIC,ACCEPTED,ACCEPTED,3272.1,72380.8,66982.3,-0.003,-0.008,-0.006,0.0005,0.0002
179,PAN,ACCEPTED,ACCEPTED,3272.1,74672.6,69150.6,-0.003,-0.008,-0.007,2.0404,1.9227
180,PAN,ACCEPTED,ACCEPTED,3272.1,76950.2,71351.5,-0.003,-0.008,-0.007,1.9737,1.8374
181,PAN,ACCEPTED,ACCEPTED,3272.1,79125.6,73454.0,-0.003,-0.008,-0.007,1.9728,1.8318
182,PAN,ACCEPTED,ACCEPTED,3272.1,81252.6,75541.7,-0.003,-0.008,-0.007,1.8374,1.7474
183,PAN,ACCEPTED,ACCEPTED,3272.1,83364.5,77588.1,-0.003,-0.009,-0.007,1.9365,1.8149
184,STATIC,ACCEPTED,ACCEPTED,3272.1,83364.6,77588.1,-0.003,-0.009,-0.007,0.0003,0.0002
185,PAN,ACCEPTED,ACCEPTED,3272.1,85417.5,79594.3,-0.003,-0.009,-0.008,1.8919,1.7703
186,PAN,ACCEPTED,ACCEPTED,3272.1,87484.9,81605.6,-0.003,-0.009,-0.008,1.8997,1.7748
187,STATIC,ACCEPTED,ACCEPTED,3272.1,87484.5,81605.2,-0.003,-0.009,-0.008,0.001,0.0008
188,PAN,ACCEPTED,ACCEPTED,3272.1,91498.0,85574.0,-0.003,-0.01,-0.008,3.7428,3.4838
189,PAN,ACCEPTED,ACCEPTED,3272.1,93492.4,87527.8,-0.003,-0.01,-0.008,1.906,1.7744
190,STATIC,ACCEPTED,ACCEPTED,3272.1,93493.5,87528.8,-0.003,-0.01,-0.008,0.0008,0.0007
191,PAN,ACCEPTED,ACCEPTED,3272.1,95376.7,89338.6,-0.003,-0.01,-0.009,1.8266,1.708
192,PAN,ACCEPTED,ACCEPTED,3272.1,97304.3,91230.4,-0.003,-0.01,-0.009,1.8374,1.7166
193,PAN,ACCEPTED,ACCEPTED,3272.1,99259.9,93164.2,-0.003,-0.011,-0.009,1.9073,1.7869
194,PAN,ACCEPTED,ACCEPTED,3272.1,101236.9,95120.5,-0.003,-0.011,-0.009,2.0156,1.8295
195,PAN,ACCEPTED,ACCEPTED,3272.1,103270.5,97099.7,-0.003,-0.011,-0.01,2.0811,1.9173
196,STATIC,ACCEPTED,ACCEPTED,3272.1,103269.3,97098.2,-0.003,-0.011,-0.01,0.0119,0.0091
197,PAN,ACCEPTED,ACCEPTED,3272.1,105275.0,99105.4,-0.003,-0.012,-0.01,2.0839,1.924
198,PAN,ACCEPTED,FALLBACK_PREVIOUS_VALID,3272.1,107364.4,101166.7,-0.003,-0.012,-0.01,2.1597,0.0
199,STATIC,ACCEPTED,ACCEPTED,3272.1,107362.7,99104.1,-0.003,-0.012,-0.01,0.0008,0.0006
200,PAN,ACCEPTED,FALLBACK_PREVIOUS_VALID,3272.1,111422.5,103007.1,-0.003,-0.013,-0.01,4.3121,0.0
201,PAN,ACCEPTED,FALLBACK_PREVIOUS_VALID,3272.1,113224.1,100924.3,-0.003,-0.013,-0.01,1.9435,0.0
202,STATIC,ACCEPTED,ACCEPTED,3272.1,113223.5,99103.6,-0.003,-0.013,-0.01,0.0002,0.0001
203,PAN,ACCEPTED,FALLBACK_PREVIOUS_VALID,3272.1,114893.0,100665.4,-0.003,-0.013,-0.01,1.8227,0.0
204,PAN,ACCEPTED,FALLBACK_PREVIOUS_VALID,3272.1,116397.8,100519.7,-0.003,-0.014,-0.01,1.557,0.0
205,STATIC,ACCEPTED,ACCEPTED,3272.1,116397.6,99103.3,-0.003,-0.014,-0.01,0.0012,0.0008
206,PAN_ZOOM,ACCEPTED,FALLBACK_PREVIOUS_VALID,3272.1,118999.5,101614.0,-0.003,-0.014,-0.01,2.5636,0.0
207,PAN,ACCEPTED,FALLBACK_PREVIOUS_VALID,3272.1,120125.5,100175.8,-0.003,-0.014,-0.01,1.0592,0.0
208,STATIC,ACCEPTED,ACCEPTED,3272.1,120125.4,99103.8,-0.003,-0.014,-0.01,0.0002,0.0001
209,PAN,ACCEPTED,FALLBACK_PREVIOUS_VALID,3272.1,121117.5,100032.0,-0.003,-0.014,-0.01,0.9486,0.0
210,PAN,ACCEPTED,FALLBACK_PREVIOUS_VALID,3272.1,122068.7,100007.8,-0.003,-0.014,-0.01,0.8716,0.0
211,PAN,ACCEPTED,ACCEPTED,3272.1,122938.1,99919.0,-0.003,-0.014,-0.01,0.7691,0.6304
212,PAN,ACCEPTED,FALLBACK_PREVIOUS_VALID,3272.1,123873.4,100790.0,-0.003,-0.014,-0.01,0.8488,0.0
213,PAN,ACCEPTED,FALLBACK_PREVIOUS_VALID,3272.1,124915.5,100894.5,-0.003,-0.015,-0.01,0.9749,0.0
214,STATIC,ACCEPTED,ACCEPTED,3272.1,124915.2,99918.5,-0.003,-0.015,-0.01,0.0159,0.0108
215,PAN,ACCEPTED,FALLBACK_PREVIOUS_VALID,3272.1,126068.9,101052.8,-0.003,-0.015,-0.01,1.0296,0.0
216,PAN,ACCEPTED,FALLBACK_PREVIOUS_VALID,3272.1,127334.6,101156.4,-0.003,-0.015,-0.01,1.2047,0.0
217,PAN,ACCEPTED,FALLBACK_PREVIOUS_VALID,3272.1,128776.0,101318.6,-0.003,-0.015,-0.01,1.4369,0.0
218,PAN,ACCEPTED,FALLBACK_PREVIOUS_VALID,3272.1,130226.1,101265.2,-0.003,-0.015,-0.01,1.579,0.0
219,PAN,ACCEPTED,FALLBACK_PREVIOUS_VALID,3272.1,131688.1,101298.3,-0.003,-0.016,-0.01,1.6414,0.0
220,STATIC,ACCEPTED,ACCEPTED,3272.1,131687.6,99917.1,-0.003,-0.016,-0.01,0.0018,0.0012
221,PAN,ACCEPTED,FALLBACK_PREVIOUS_VALID,3272.1,133226.2,101463.5,-0.003,-0.016,-0.01,1.589,0.0
222,PAN_ZOOM,ACCEPTED,FALLBACK_PREVIOUS_VALID,3272.1,136287.0,102921.1,-0.003,-0.016,-0.01,3.3488,0.0
223,STATIC,ACCEPTED,ACCEPTED,3272.1,136286.7,99917.2,-0.003,-0.016,-0.01,0.0006,0.0005
224,PAN,ACCEPTED,FALLBACK_PREVIOUS_VALID,3272.1,138043.3,101307.5,-0.003,-0.017,-0.01,1.557,0.0
225,PAN,ACCEPTED,FALLBACK_PREVIOUS_VALID,3272.1,139541.0,101376.6,-0.003,-0.017,-0.01,1.5144,0.0
226,STATIC,ACCEPTED,ACCEPTED,3272.1,139539.1,99914.8,-0.003,-0.017,-0.01,0.0056,0.0034
227,PAN,ACCEPTED,FALLBACK_PREVIOUS_VALID,3272.1,140946.2,101205.2,-0.003,-0.017,-0.01,1.5394,0.0
228,PAN_ZOOM,ACCEPTED,FALLBACK_PREVIOUS_VALID,3272.1,143624.1,102383.0,-0.003,-0.018,-0.01,2.7773,0.0
229,STATIC,ACCEPTED,ACCEPTED,3272.1,143628.8,99917.2,-0.003,-0.018,-0.01,0.0033,0.0019
230,PAN,ACCEPTED,FALLBACK_PREVIOUS_VALID,3272.1,144872.5,100967.4,-0.003,-0.018,-0.01,1.2168,0.0
231,PAN,ACCEPTED,FALLBACK_PREVIOUS_VALID,3272.1,146202.2,101153.1,-0.003,-0.018,-0.01,1.2287,0.0
232,STATIC,ACCEPTED,ACCEPTED,3272.1,146202.6,99917.5,-0.003,-0.018,-0.01,0.0007,0.0004
233,PAN,ACCEPTED,FALLBACK_PREVIOUS_VALID,3272.1,147357.4,101007.3,-0.003,-0.018,-0.01,1.2364,0.0
234,PAN,ACCEPTED,FALLBACK_PREVIOUS_VALID,3272.1,148296.4,100957.4,-0.003,-0.018,-0.01,1.2025,0.0
235,PAN,ACCEPTED,FALLBACK_PREVIOUS_VALID,3272.1,149491.5,100983.2,-0.003,-0.019,-0.01,1.1932,0.0
236,PAN,ACCEPTED,FALLBACK_PREVIOUS_VALID,3272.1,150869.9,100928.4,-0.003,-0.019,-0.01,1.0974,0.0
237,PAN,ACCEPTED,FALLBACK_PREVIOUS_VALID,3272.1,151956.3,100896.7,-0.003,-0.019,-0.01,1.1796,0.0
238,STATIC,ACCEPTED,ACCEPTED,3272.1,151956.7,99918.0,-0.003,-0.019,-0.01,0.0003,0.0004
239,PAN,ACCEPTED,FALLBACK_PREVIOUS_VALID,3272.1,153048.9,100874.4,-0.003,-0.019,-0.01,1.1098,0.0
240,PAN_ZOOM,ACCEPTED,FALLBACK_PREVIOUS_VALID,3272.1,155335.8,101620.7,-0.003,-0.019,-0.01,1.8884,0.0
