frame_id,ball_state,num_ball_dets,max_det_conf,kalman_pred_pos,gating_radius,min_dist_to_det,consecutive_missing,root_cause
0,LOST,0,,,85.0,,999,NO_YOLO_DETECTION
1,LOST,0,,,85.0,,999,NO_YOLO_DETECTION
2,LOST,0,,,85.0,,999,NO_YOLO_DETECTION
3,LOST,0,,,85.0,,999,NO_YOLO_DETECTION
4,LOST,0,,,85.0,,999,NO_YOLO_DETECTION
5,LOST,0,,,85.0,,999,NO_YOLO_DETECTION
6,LOST,0,,,85.0,,999,NO_YOLO_DETECTION
7,LOST,0,,,85.0,,999,NO_YOLO_DETECTION
8,LOST,0,,,85.0,,999,NO_YOLO_DETECTION
9,LOST,0,,,85.0,,999,NO_YOLO_DETECTION
10,LOST,0,,,85.0,,999,NO_YOLO_DETECTION
11,LOST,0,,,85.0,,999,NO_YOLO_DETECTION
12,LOST,0,,,85.0,,999,NO_YOLO_DETECTION
13,LOST,0,,,85.0,,999,NO_YOLO_DETECTION
14,LOST,0,,,85.0,,999,NO_YOLO_DETECTION
15,LOST,0,,,85.0,,999,NO_YOLO_DETECTION
16,LOST,0,,,85.0,,999,NO_YOLO_DETECTION
17,LOST,0,,,85.0,,999,NO_YOLO_DETECTION
18,LOST,0,,,85.0,,999,NO_YOLO_DETECTION
19,LOST,0,,,85.0,,999,NO_YOLO_DETECTION
20,LOST,0,,,85.0,,999,NO_YOLO_DETECTION
21,LOST,0,,,85.0,,999,NO_YOLO_DETECTION
22,LOST,0,,,85.0,,999,NO_YOLO_DETECTION
23,LOST,0,,,85.0,,999,NO_YOLO_DETECTION
24,LOST,0,,,85.0,,999,NO_YOLO_DETECTION
25,LOST,0,,,85.0,,999,NO_YOLO_DETECTION
26,LOST,0,,,85.0,,999,NO_YOLO_DETECTION
27,LOST,0,,,85.0,,999,NO_YOLO_DETECTION
28,LOST,0,,,85.0,,999,NO_YOLO_DETECTION
30,PREDICTED,1,0.15647636353969574,"(1199.8877563476562, 620.2007446289062)",85.0,223.81905334647576,1,DETECTION_OUTSIDE_GATING_RADIUS
31,PREDICTED,1,0.18830685317516327,"(1199.8877563476562, 620.2007446289062)",85.0,223.42144174308368,2,DETECTION_OUTSIDE_GATING_RADIUS
32,PREDICTED,1,0.2585282325744629,"(1199.8877563476562, 620.2007446289062)",85.0,222.9852644015968,3,DETECTION_OUTSIDE_GATING_RADIUS
33,LOST,1,0.2522810697555542,"(1199.8877563476562, 620.2007446289062)",85.0,223.04106584398048,4,DETECTION_OUTSIDE_GATING_RADIUS
41,PREDICTED,0,,"(1163.0014187374466, 401.3217254786744)",85.0,,1,NO_YOLO_DETECTION
42,PREDICTED,0,,"(1163.45899725596, 401.4361790258358)",85.0,,2,NO_YOLO_DETECTION
48,PREDICTED,0,,"(1174.191323470127, 399.6352494007512)",85.0,,1,NO_YOLO_DETECTION
49,PREDICTED,1,0.26390504837036133,"(1175.554784168055, 399.21062457920306)",85.0,118.30944462459519,2,DETECTION_OUTSIDE_GATING_RADIUS
52,PREDICTED,1,0.7318180799484253,"(1184.9497219972086, 399.47072974335146)",85.0,126.31829188753251,1,DETECTION_OUTSIDE_GATING_RADIUS
53,PREDICTED,1,0.9261474013328552,"(1186.514077574989, 399.4119914631913)",85.0,125.72279340427501,2,DETECTION_OUTSIDE_GATING_RADIUS
58,PREDICTED,0,,"(1066.6455048642936, 386.13266527807684)",85.0,,1,NO_YOLO_DETECTION
59,PREDICTED,0,,"(1066.7982275463596, 387.3675560476927)",85.0,,2,NO_YOLO_DETECTION
60,PREDICTED,0,,"(1066.9509502284257, 388.60244681730853)",85.0,,3,NO_YOLO_DETECTION
61,LOST,0,,"(1067.1036729104917, 389.8373375869244)",85.0,,4,NO_YOLO_DETECTION
62,LOST,0,,"(1067.2563955925577, 391.0722283565402)",85.0,,999,NO_YOLO_DETECTION
63,LOST,0,,"(1067.2563955925577, 391.0722283565402)",85.0,,999,NO_YOLO_DETECTION
64,LOST,0,,"(1067.2563955925577, 391.0722283565402)",85.0,,999,NO_YOLO_DETECTION
65,LOST,0,,"(1067.2563955925577, 391.0722283565402)",85.0,,999,NO_YOLO_DETECTION
66,LOST,0,,"(1067.2563955925577, 391.0722283565402)",85.0,,999,NO_YOLO_DETECTION
67,LOST,0,,"(1067.2563955925577, 391.0722283565402)",85.0,,999,NO_YOLO_DETECTION
68,LOST,0,,"(1067.2563955925577, 391.0722283565402)",85.0,,999,NO_YOLO_DETECTION
69,LOST,0,,"(1067.2563955925577, 391.0722283565402)",85.0,,999,NO_YOLO_DETECTION
73,PREDICTED,0,,"(1261.6068420313693, 385.9279141525061)",85.0,,1,NO_YOLO_DETECTION
74,PREDICTED,0,,"(1264.7649832659106, 384.86011419034)",85.0,,2,NO_YOLO_DETECTION
75,PREDICTED,0,,"(1267.9231245004519, 383.79231422817395)",85.0,,3,NO_YOLO_DETECTION
76,LOST,0,,"(1271.0812657349932, 382.7245142660079)",85.0,,4,NO_YOLO_DETECTION
77,LOST,0,,"(1274.2394069695345, 381.6567143038418)",85.0,,999,NO_YOLO_DETECTION
78,LOST,0,,"(1274.2394069695345, 381.6567143038418)",85.0,,999,NO_YOLO_DETECTION
79,LOST,0,,"(1274.2394069695345, 381.6567143038418)",85.0,,999,NO_YOLO_DETECTION
80,LOST,0,,"(1274.2394069695345, 381.6567143038418)",85.0,,999,NO_YOLO_DETECTION
81,LOST,0,,"(1274.2394069695345, 381.6567143038418)",85.0,,999,NO_YOLO_DETECTION
82,LOST,0,,"(1274.2394069695345, 381.6567143038418)",85.0,,999,NO_YOLO_DETECTION
83,LOST,0,,"(1274.2394069695345, 381.6567143038418)",85.0,,999,NO_YOLO_DETECTION
89,PREDICTED,0,,"(1317.4872745186065, 382.39996464789516)",85.0,,1,NO_YOLO_DETECTION
93,PREDICTED,0,,"(1343.3734238049747, 382.5046205475871)",85.0,,1,NO_YOLO_DETECTION
98,PREDICTED,0,,"(1360.8322722002918, 382.57810235482066)",85.0,,1,NO_YOLO_DETECTION
101,PREDICTED,1,0.12737326323986053,"(1379.4431085894944, 382.7646293846931)",85.0,206.42179357970517,1,DETECTION_OUTSIDE_GATING_RADIUS
102,PREDICTED,0,,"(1383.2337423542149, 382.8131582778103)",85.0,,2,NO_YOLO_DETECTION
104,PREDICTED,0,,"(1400.532693657305, 382.71344592438726)",85.0,,1,NO_YOLO_DETECTION
105,PREDICTED,0,,"(1406.9392033723916, 382.709006817303)",85.0,,2,NO_YOLO_DETECTION
106,PREDICTED,0,,"(1413.3457130874783, 382.7045677102188)",85.0,,3,NO_YOLO_DETECTION
107,PREDICTED,1,0.1451912671327591,"(1419.752222802565, 382.70012860313454)",85.0,418.48483882989785,4,DETECTION_OUTSIDE_GATING_RADIUS
114,PREDICTED,1,0.18425650894641876,"(831.0733480441917, 378.58120162816493)",85.0,237.63693842175925,1,DETECTION_OUTSIDE_GATING_RADIUS
115,PREDICTED,0,,"(812.8482068390755, 377.80721028487534)",85.0,,2,NO_YOLO_DETECTION
126,PREDICTED,1,0.10608024895191193,"(687.8424413469129, 371.50189670209227)",85.0,946.298789685596,1,DETECTION_OUTSIDE_GATING_RADIUS
127,PREDICTED,1,0.1001066118478775,"(683.0613795258353, 370.8881869174327)",85.0,950.9875992695931,2,DETECTION_OUTSIDE_GATING_RADIUS
128,PREDICTED,0,,"(678.2803177047576, 370.2744771327731)",85.0,,3,NO_YOLO_DETECTION
129,PREDICTED,0,,"(673.49925588368, 369.6607673481135)",85.0,,4,NO_YOLO_DETECTION
130,PREDICTED,0,,"(668.7181940626024, 369.0470575634539)",85.0,,5,NO_YOLO_DETECTION
131,LOST,1,0.10758737474679947,"(663.9371322415248, 368.4333477787943)",85.0,696.6193855244121,6,DETECTION_OUTSIDE_GATING_RADIUS
132,LOST,0,,"(659.1560704204471, 367.8196379941347)",85.0,,999,NO_YOLO_DETECTION
133,LOST,0,,"(659.1560704204471, 367.8196379941347)",85.0,,999,NO_YOLO_DETECTION
134,LOST,0,,"(659.1560704204471, 367.8196379941347)",85.0,,999,NO_YOLO_DETECTION
135,LOST,0,,"(659.1560704204471, 367.8196379941347)",85.0,,999,NO_YOLO_DETECTION
136,LOST,0,,"(659.1560704204471, 367.8196379941347)",85.0,,999,NO_YOLO_DETECTION
137,LOST,0,,"(659.1560704204471, 367.8196379941347)",85.0,,999,NO_YOLO_DETECTION
138,LOST,0,,"(659.1560704204471, 367.8196379941347)",85.0,,999,NO_YOLO_DETECTION
139,LOST,0,,"(659.1560704204471, 367.8196379941347)",85.0,,999,NO_YOLO_DETECTION
140,LOST,0,,"(659.1560704204471, 367.8196379941347)",85.0,,999,NO_YOLO_DETECTION
141,LOST,0,,"(659.1560704204471, 367.8196379941347)",85.0,,999,NO_YOLO_DETECTION
142,LOST,0,,"(659.1560704204471, 367.8196379941347)",85.0,,999,NO_YOLO_DETECTION
143,LOST,0,,"(659.1560704204471, 367.8196379941347)",85.0,,999,NO_YOLO_DETECTION
144,LOST,0,,"(659.1560704204471, 367.8196379941347)",85.0,,999,NO_YOLO_DETECTION
145,LOST,0,,"(659.1560704204471, 367.8196379941347)",85.0,,999,NO_YOLO_DETECTION
146,LOST,0,,"(659.1560704204471, 367.8196379941347)",85.0,,999,NO_YOLO_DETECTION
147,LOST,0,,"(659.1560704204471, 367.8196379941347)",85.0,,999,NO_YOLO_DETECTION
148,LOST,0,,"(659.1560704204471, 367.8196379941347)",85.0,,999,NO_YOLO_DETECTION
150,PREDICTED,0,,"(1151.0797729492188, 300.21844482421875)",85.0,,1,NO_YOLO_DETECTION
151,PREDICTED,0,,"(1151.0797729492188, 300.21844482421875)",85.0,,2,NO_YOLO_DETECTION
152,PREDICTED,2,0.17930008471012115,"(1151.0797729492188, 300.21844482421875)",85.0,386.4165241498695,3,DETECTION_OUTSIDE_GATING_RADIUS
153,LOST,2,0.1783936321735382,"(1151.0797729492188, 300.21844482421875)",85.0,386.4394759959998,4,DETECTION_OUTSIDE_GATING_RADIUS
171,PREDICTED,1,0.14924828708171844,"(777.6643562473483, 424.43359349473866)",85.0,608.4673545686818,1,DETECTION_OUTSIDE_GATING_RADIUS
172,PREDICTED,1,0.12677909433841705,"(787.3218456251341, 425.04157113554857)",85.0,618.8602436192634,2,DETECTION_OUTSIDE_GATING_RADIUS
173,PREDICTED,1,0.1337970644235611,"(796.9793350029198, 425.6495487763585)",85.0,1085.1018840358781,3,DETECTION_OUTSIDE_GATING_RADIUS
203,PREDICTED,0,,"(882.488889311425, 414.9780717297891)",85.0,,1,NO_YOLO_DETECTION
228,PREDICTED,0,,"(528.5128155951137, 461.1050047123089)",85.0,,1,NO_YOLO_DETECTION
229,PREDICTED,0,,"(519.1747347771709, 469.08719213078786)",85.0,,2,NO_YOLO_DETECTION
230,PREDICTED,1,0.2850448489189148,"(509.83665395922816, 477.0693795492668)",85.0,951.5520642587105,3,DETECTION_OUTSIDE_GATING_RADIUS
231,PREDICTED,1,0.202552929520607,"(500.4985731412854, 485.0515669677457)",85.0,950.4673631548623,4,DETECTION_OUTSIDE_GATING_RADIUS
232,PREDICTED,1,0.21486328542232513,"(491.1604923233427, 493.03375438622464)",85.0,958.4820652722515,5,DETECTION_OUTSIDE_GATING_RADIUS
233,LOST,0,,"(481.82241150539994, 501.0159418047036)",85.0,,6,NO_YOLO_DETECTION
234,LOST,0,,"(472.4843306874572, 508.9981292231825)",85.0,,999,NO_YOLO_DETECTION
235,LOST,0,,"(472.4843306874572, 508.9981292231825)",85.0,,999,NO_YOLO_DETECTION
236,LOST,0,,"(472.4843306874572, 508.9981292231825)",85.0,,999,NO_YOLO_DETECTION
237,LOST,0,,"(472.4843306874572, 508.9981292231825)",85.0,,999,NO_YOLO_DETECTION
238,LOST,0,,"(472.4843306874572, 508.9981292231825)",85.0,,999,NO_YOLO_DETECTION
240,PREDICTED,0,,"(918.6052551269531, 425.90931701660156)",85.0,,1,NO_YOLO_DETECTION
