frame_id,from_state,to_state,consecutive_missing,recovered_gap,confidence,position,speed
29,LOST,OBSERVED,0,,0.113,"(1199.9, 620.2)",0.0
30,OBSERVED,PREDICTED,1,,0.081,"(1199.9, 620.2)",0.0
33,PREDICTED,LOST,4,,0.0,,0.0
34,LOST,OBSERVED,0,,0.275,"(1158.7, 401.3)",0.0
41,OBSERVED,PREDICTED,1,,0.119,"(1163.0, 401.3)",0.5
43,PREDICTED,OBSERVED,0,2,0.102,"(1166.9, 400.1)",1.6
48,OBSERVED,PREDICTED,1,,0.267,"(1174.2, 399.6)",1.4
50,PREDICTED,OBSERVED,0,2,0.2,"(1182.7, 399.6)",3.5
52,OBSERVED,PREDICTED,1,,0.143,"(1184.9, 399.5)",1.6
54,PREDICTED,OBSERVED,0,2,0.898,"(1064.6, 378.7)",0.0
58,OBSERVED,PREDICTED,1,,0.269,"(1066.6, 386.1)",1.2
61,PREDICTED,LOST,4,,0.0,,0.0
70,LOST,OBSERVED,0,,0.133,"(1251.6, 388.6)",0.0
73,OBSERVED,PREDICTED,1,,0.136,"(1261.6, 385.9)",3.3
76,PREDICTED,LOST,4,,0.0,,0.0
84,LOST,OBSERVED,0,,0.207,"(1299.2, 382.8)",0.0
89,OBSERVED,PREDICTED,1,,0.109,"(1317.5, 382.4)",3.3
90,PREDICTED,OBSERVED,0,1,0.251,"(1325.6, 382.4)",5.6
93,OBSERVED,PREDICTED,1,,0.131,"(1343.4, 382.5)",7.2
94,PREDICTED,OBSERVED,0,1,0.116,"(1344.7, 382.5)",4.4
98,OBSERVED,PREDICTED,1,,0.122,"(1360.8, 382.6)",3.0
99,PREDICTED,OBSERVED,0,1,0.192,"(1373.8, 382.7)",7.8
101,OBSERVED,PREDICTED,1,,0.138,"(1379.4, 382.8)",3.8
103,PREDICTED,OBSERVED,0,2,0.138,"(1394.1, 382.7)",6.4
104,OBSERVED,PREDICTED,1,,0.099,"(1400.5, 382.7)",6.4
108,PREDICTED,OBSERVED,0,4,0.663,"(966.4, 383.1)",0.0
114,OBSERVED,PREDICTED,1,,0.413,"(831.1, 378.6)",18.2
116,PREDICTED,OBSERVED,0,2,0.679,"(780.2, 378.9)",23.5
126,OBSERVED,PREDICTED,1,,0.227,"(687.8, 371.5)",4.8
131,PREDICTED,LOST,6,,0.0,,0.0
149,LOST,OBSERVED,0,,0.103,"(1151.1, 300.2)",0.0
150,OBSERVED,PREDICTED,1,,0.074,"(1151.1, 300.2)",0.0
153,PREDICTED,LOST,4,,0.0,,0.0
154,LOST,OBSERVED,0,,0.158,"(705.1, 378.8)",0.0
171,OBSERVED,PREDICTED,1,,0.522,"(777.7, 424.4)",9.7
174,PREDICTED,OBSERVED,0,3,0.352,"(798.5, 431.4)",7.6
203,OBSERVED,PREDICTED,1,,0.192,"(882.5, 415.0)",9.7
204,PREDICTED,OBSERVED,0,1,0.618,"(863.1, 407.0)",14.8
228,OBSERVED,PREDICTED,1,,0.489,"(528.5, 461.1)",12.3
233,PREDICTED,LOST,6,,0.0,,0.0
239,LOST,OBSERVED,0,,0.172,"(918.6, 425.9)",0.0
240,OBSERVED,PREDICTED,1,,0.124,"(918.6, 425.9)",0.0
