frame_id,timestamp_s,n_ball_dets,n_player_dets,ball_det_max_conf,ball_det_cx,ball_det_cy,ball_state,ball_is_observed,ball_conf,tracker_cx,tracker_cy,ball_vx,ball_vy,ball_speed,consecutive_missing,recovered_gap,ball_det_in_bounds,ball_tracker_in_bounds,source_frame_id,overlay_age,yolo_ms,tracking_ms,team_ms,pass_ms,contact_ms,law11_ms,render_ms,total_ms
0,0.0,0,0,,,,LOST,0,0.0,,,0.0,0.0,0.0,999,,1,1,0,0,1505.97,0.01,0.0,0.0,0.0,0.0,13.51,1520.66
1,0.0333,0,0,,,,LOST,0,0.0,,,0.0,0.0,0.0,999,,1,1,1,0,12.0,0.01,0.0,0.0,0.21,0.01,3.13,16.47
2,0.0667,0,0,,,,LOST,0,0.0,,,0.0,0.0,0.0,999,,1,1,2,0,10.69,0.01,0.0,0.0,0.19,0.01,3.17,15.21
3,0.1,0,0,,,,LOST,0,0.0,,,0.0,0.0,0.0,999,,1,1,3,0,14.61,0.01,0.0,0.01,0.19,0.0,3.37,19.45
4,0.1333,0,0,,,,LOST,0,0.0,,,0.0,0.0,0.0,999,,1,1,4,0,11.13,0.01,0.0,0.01,0.18,0.01,2.98,15.59
5,0.1667,0,0,,,,LOST,0,0.0,,,0.0,0.0,0.0,999,,1,1,5,0,9.86,0.01,0.0,0.0,0.36,0.01,2.84,14.08
6,0.2,0,0,,,,LOST,0,0.0,,,0.0,0.0,0.0,999,,1,1,6,0,9.85,0.01,0.0,0.0,0.18,0.0,3.02,14.08
7,0.2333,0,4,,,,LOST,0,0.0,,,0.0,0.0,0.0,999,,1,1,7,0,19.25,0.12,0.0,0.0,0.19,0.01,3.44,24.58
8,0.2667,0,4,,,,LOST,0,0.0,,,0.0,0.0,0.0,999,,1,1,8,0,10.91,0.32,74.78,0.0,0.2,0.01,3.32,90.97
9,0.3,0,4,,,,LOST,0,0.0,,,0.0,0.0,0.0,999,,1,1,9,0,11.84,0.28,2.25,0.0,0.18,0.0,2.92,18.79
10,0.3333,0,5,,,,LOST,0,0.0,,,0.0,0.0,0.0,999,,1,1,10,0,10.67,0.3,2.46,0.0,0.18,0.0,3.17,18.17
11,0.3667,0,12,,,,LOST,0,0.0,,,0.0,0.0,0.0,999,,1,1,11,0,10.71,0.37,2.33,0.0,0.18,0.01,3.21,18.57
12,0.4,0,15,,,,LOST,0,0.0,,,0.0,0.0,0.0,999,,1,1,12,0,10.42,0.68,62.5,0.0,0.19,0.0,3.51,79.23
13,0.4333,0,17,,,,LOST,0,0.0,,,0.0,0.0,0.0,999,,1,1,13,0,10.48,0.87,10.12,0.0,0.18,0.0,3.07,26.78
14,0.4667,0,19,,,,LOST,0,0.0,,,0.0,0.0,0.0,999,,1,1,14,0,11.14,1.04,10.39,0.0,0.18,0.0,2.86,28.06
15,0.5,0,20,,,,LOST,0,0.0,,,0.0,0.0,0.0,999,,1,1,15,0,10.71,1.06,12.1,0.01,0.18,0.0,3.0,29.5
16,0.5333,0,25,,,,LOST,0,0.0,,,0.0,0.0,0.0,999,,1,1,16,0,10.77,1.2,12.58,0.0,0.26,0.01,3.3,30.61
17,0.5667,0,24,,,,LOST,0,0.0,,,0.0,0.0,0.0,999,,1,1,17,0,10.63,1.41,14.48,0.0,0.18,0.0,3.06,32.65
18,0.6,0,25,,,,LOST,0,0.0,,,0.0,0.0,0.0,999,,1,1,18,0,14.68,1.44,15.08,0.0,0.2,0.0,3.11,36.98
19,0.6333,0,23,,,,LOST,0,0.0,,,0.0,0.0,0.0,999,,1,1,19,0,15.96,1.46,15.79,0.0,0.18,0.0,3.12,39.97
20,0.6667,0,25,,,,LOST,0,0.0,,,0.0,0.0,0.0,999,,1,1,20,0,12.95,1.44,15.11,0.0,0.18,0.0,3.17,36.56
21,0.7,0,24,,,,LOST,0,0.0,,,0.0,0.0,0.0,999,,1,1,21,0,10.2,1.44,15.54,0.0,0.19,0.0,3.39,34.35
22,0.7333,0,26,,,,LOST,0,0.0,,,0.0,0.0,0.0,999,,1,1,22,0,10.74,1.5,15.63,0.0,0.18,0.0,3.11,33.9
23,0.7667,0,25,,,,LOST,0,0.0,,,0.0,0.0,0.0,999,,1,1,23,0,11.33,1.57,16.51,0.0,0.19,0.01,3.56,35.82
24,0.8,0,28,,,,LOST,0,0.0,,,0.0,0.0,0.0,999,,1,1,24,0,10.67,1.88,18.51,0.0,0.18,0.01,3.23,37.32
25,0.8333,0,24,,,,LOST,0,0.0,,,0.0,0.0,0.0,999,,1,1,25,0,11.1,1.74,18.63,0.0,0.18,0.0,3.15,37.55
26,0.8667,0,23,,,,LOST,0,0.0,,,0.0,0.0,0.0,999,,1,1,26,0,11.04,1.54,17.38,0.0,0.19,0.02,3.52,36.26
27,0.9,0,24,,,,LOST,0,0.0,,,0.0,0.0,0.0,999,,1,1,27,0,10.64,1.82,15.82,0.0,0.17,0.01,3.49,34.82
28,0.9333,0,26,,,,LOST,0,0.0,,,0.0,0.0,0.0,999,,1,1,28,0,10.68,1.53,15.93,0.0,0.17,0.0,3.12,34.59
29,0.9667,2,24,0.113,1199.9,620.2,OBSERVED,1,0.113,1199.9,620.2,0.0,0.0,0.0,0,,1,1,29,0,13.34,1.79,14.64,0.01,0.19,0.0,3.03,35.79
30,1.0,1,26,0.1565,1155.4,400.9,PREDICTED,0,0.081,1199.9,620.2,0.0,0.0,0.0,1,,1,1,30,0,10.99,1.77,16.83,0.01,0.34,0.01,3.27,35.95
31,1.0333,1,26,0.1883,1155.9,401.1,PREDICTED,0,0.059,1199.9,620.2,0.0,0.0,0.0,2,,1,1,31,0,13.27,1.72,16.89,0.01,0.23,0.0,3.36,38.29
32,1.0667,1,26,0.2585,1157.7,401.3,PREDICTED,0,0.042,1199.9,620.2,0.0,0.0,0.0,3,,1,1,32,0,10.94,1.77,17.32,0.01,0.18,0.0,3.07,36.07
33,1.1,1,26,0.2523,1157.6,401.2,LOST,0,0.0,,,0.0,0.0,0.0,4,,1,1,33,0,11.41,1.88,17.47,0.01,0.17,0.01,3.2,38.01
34,1.1333,1,25,0.2755,1158.7,401.3,OBSERVED,1,0.275,1158.7,401.3,0.0,0.0,0.0,0,,1,1,34,0,10.71,1.7,18.03,0.01,0.33,0.01,3.57,38.47
35,1.1667,1,27,0.3831,1159.1,401.4,OBSERVED,1,0.383,1159.1,401.4,0.3,0.1,0.3,0,,1,1,35,0,10.29,1.72,19.13,0.01,0.17,0.0,3.07,37.83
36,1.2,1,26,0.4284,1159.9,401.3,OBSERVED,1,0.428,1159.8,401.3,0.7,-0.0,0.7,0,,1,1,36,0,10.42,1.8,19.21,0.01,0.17,0.0,3.13,37.5
37,1.2333,1,24,0.4744,1160.9,401.2,OBSERVED,1,0.474,1160.9,401.2,0.9,-0.1,0.9,0,,1,1,37,0,12.12,1.93,17.89,0.01,0.18,0.0,3.17,37.96
38,1.2667,1,26,0.3666,1161.9,401.1,OBSERVED,1,0.367,1161.9,401.1,1.0,-0.1,1.0,0,,1,1,38,0,10.77,1.72,17.56,0.01,0.17,0.01,3.43,36.53
39,1.3,1,27,0.3768,1161.9,401.0,OBSERVED,1,0.377,1162.1,401.0,0.5,-0.1,0.5,0,,1,1,39,0,10.68,1.85,19.29,0.0,0.19,0.01,3.42,38.27
40,1.3333,2,26,0.1654,1162.5,401.3,OBSERVED,1,0.165,1162.5,401.2,0.5,0.1,0.5,0,,1,1,40,0,12.45,1.74,18.05,0.0,0.18,0.01,3.15,38.81
41,1.3667,0,25,,,,PREDICTED,0,0.119,1163.0,401.3,0.5,0.1,0.5,1,,1,1,41,0,10.6,1.67,17.31,0.0,0.19,0.01,3.33,35.76
42,1.4,0,29,,,,PREDICTED,0,0.086,1163.5,401.4,0.5,0.1,0.5,2,,1,1,42,0,10.97,1.63,17.18,0.0,0.18,0.01,3.34,36.44
43,1.4333,1,25,0.1024,1167.0,400.0,OBSERVED,1,0.102,1166.9,400.1,1.6,-0.4,1.6,0,2,1,1,43,0,12.62,1.68,17.09,0.01,0.18,0.01,3.04,37.43
44,1.4667,1,27,0.1583,1169.0,400.6,OBSERVED,1,0.158,1168.9,400.4,1.8,0.1,1.8,0,,1,1,44,0,10.4,1.62,17.15,0.0,0.19,0.01,3.37,35.69
45,1.5,1,24,0.2352,1170.9,400.7,OBSERVED,1,0.235,1170.9,400.7,2.0,0.2,2.0,0,,1,1,45,0,12.45,1.86,17.16,0.01,0.2,0.01,2.99,37.42
46,1.5333,1,24,0.2206,1170.9,400.7,OBSERVED,1,0.221,1171.2,400.7,0.9,0.1,0.9,0,,1,1,46,0,10.25,1.69,18.52,0.01,0.19,0.01,3.2,36.72
47,1.5667,1,23,0.3714,1173.0,399.9,OBSERVED,1,0.371,1172.8,400.1,1.4,-0.4,1.4,0,,1,1,47,0,10.83,1.77,17.77,0.01,0.19,0.0,3.41,36.64
48,1.6,0,24,,,,PREDICTED,0,0.267,1174.2,399.6,1.4,-0.4,1.4,1,,1,1,48,0,11.69,1.85,16.11,0.01,0.2,0.01,3.39,37.2
49,1.6333,1,25,0.2639,1062.0,366.0,PREDICTED,0,0.193,1175.6,399.2,1.4,-0.4,1.4,2,,1,1,49,0,13.53,1.56,16.69,0.01,0.17,0.0,3.87,38.52
50,1.6667,2,21,0.6714,1062.4,368.6,OBSERVED,1,0.2,1182.7,399.6,3.5,-0.1,3.5,0,2,1,1,50,0,10.93,1.72,15.68,0.01,0.17,0.0,3.14,34.45
51,1.7,2,22,0.6699,1062.4,368.6,OBSERVED,1,0.198,1183.4,399.5,1.6,-0.1,1.6,0,,1,1,51,0,10.62,1.81,16.9,0.01,0.17,0.01,3.53,36.9
52,1.7333,1,21,0.7318,1061.6,372.1,PREDICTED,0,0.143,1184.9,399.5,1.6,-0.1,1.6,1,,1,1,52,0,12.53,1.69,17.27,0.01,0.17,0.0,3.27,38.08
53,1.7667,1,21,0.9261,1062.9,376.4,PREDICTED,0,0.103,1186.5,399.4,1.6,-0.1,1.6,2,,1,1,53,0,11.78,1.85,17.29,0.01,0.19,0.01,3.11,37.05
54,1.8,2,20,0.8982,1064.6,378.7,OBSERVED,1,0.898,1064.6,378.7,0.0,0.0,0.0,0,2,1,1,54,0,10.52,1.73,18.01,0.01,0.2,0.0,3.5,36.84
55,1.8333,1,20,0.6025,1066.1,381.6,OBSERVED,1,0.603,1066.0,381.4,1.1,2.2,2.4,0,,1,1,55,0,10.48,2.01,17.96,0.01,0.18,0.01,3.12,36.33
56,1.8667,1,20,0.3479,1066.6,384.5,OBSERVED,1,0.348,1066.6,384.4,0.7,2.8,2.9,0,,1,1,56,0,13.07,1.7,24.85,0.01,0.2,0.01,3.94,46.62
57,1.9,1,20,0.3742,1066.3,384.5,OBSERVED,1,0.374,1066.5,384.9,0.2,1.2,1.2,0,,1,1,57,0,18.56,1.7,17.31,0.01,0.19,0.01,3.05,44.14
58,1.9333,0,23,,,,PREDICTED,0,0.269,1066.6,386.1,0.2,1.2,1.2,1,,1,1,58,0,10.47,1.73,16.68,0.0,0.17,0.0,3.29,34.94
59,1.9667,0,20,,,,PREDICTED,0,0.194,1066.8,387.4,0.2,1.2,1.2,2,,1,1,59,0,10.66,1.59,16.09,0.0,0.19,0.01,3.27,34.26
60,2.0,0,20,,,,PREDICTED,0,0.14,1067.0,388.6,0.2,1.2,1.2,3,,1,1,60,0,11.88,1.85,15.46,0.01,0.19,0.01,3.2,34.99
61,2.0333,0,21,,,,LOST,0,0.0,,,0.0,0.0,0.0,4,,1,1,61,0,10.31,1.73,14.52,0.0,0.17,0.0,3.29,32.49
62,2.0667,0,25,,,,LOST,0,0.0,,,0.0,0.0,0.0,999,,1,1,62,0,12.51,1.67,17.18,0.0,0.18,0.0,3.26,37.75
63,2.1,0,25,,,,LOST,0,0.0,,,0.0,0.0,0.0,999,,1,1,63,0,11.24,1.69,16.99,0.0,0.17,0.01,3.2,36.06
64,2.1333,0,26,,,,LOST,0,0.0,,,0.0,0.0,0.0,999,,1,1,64,0,10.78,1.6,16.3,0.0,0.19,0.0,3.14,35.04
65,2.1667,0,24,,,,LOST,0,0.0,,,0.0,0.0,0.0,999,,1,1,65,0,11.08,1.6,16.51,0.0,0.19,0.01,3.38,35.38
66,2.2,0,22,,,,LOST,0,0.0,,,0.0,0.0,0.0,999,,1,1,66,0,12.09,1.64,15.76,0.0,0.18,0.01,3.05,36.47
67,2.2333,0,24,,,,LOST,0,0.0,,,0.0,0.0,0.0,999,,1,1,67,0,10.31,1.67,17.99,0.0,0.24,0.02,3.75,37.08
68,2.2667,0,23,,,,LOST,0,0.0,,,0.0,0.0,0.0,999,,1,1,68,0,14.8,2.09,16.55,0.0,0.18,0.0,3.47,41.06
69,2.3,0,23,,,,LOST,0,0.0,,,0.0,0.0,0.0,999,,1,1,69,0,10.72,1.8,18.29,0.0,0.19,0.0,3.2,37.09
70,2.3333,1,21,0.1326,1251.6,388.6,OBSERVED,1,0.133,1251.6,388.6,0.0,0.0,0.0,0,,1,1,70,0,13.92,1.75,18.44,0.0,0.19,0.01,3.22,40.84
71,2.3667,1,25,0.2986,1255.4,388.3,OBSERVED,1,0.299,1255.2,388.3,2.8,-0.2,2.9,0,,1,1,71,0,14.67,2.13,16.91,0.01,0.19,0.01,3.14,41.09
72,2.4,1,26,0.1894,1258.5,386.9,OBSERVED,1,0.189,1258.4,387.0,3.2,-1.1,3.3,0,,1,1,72,0,13.19,2.1,18.04,0.01,0.2,0.01,3.33,39.84
73,2.4333,0,24,,,,PREDICTED,0,0.136,1261.6,385.9,3.2,-1.1,3.3,1,,1,1,73,0,11.75,1.91,18.44,0.01,0.2,0.01,3.07,38.14
74,2.4667,0,25,,,,PREDICTED,0,0.098,1264.8,384.9,3.2,-1.1,3.3,2,,1,1,74,0,13.43,2.04,18.07,0.01,0.18,0.0,3.25,39.93
75,2.5,0,24,,,,PREDICTED,0,0.071,1267.9,383.8,3.2,-1.1,3.3,3,,1,1,75,0,11.22,1.93,18.83,0.01,0.24,0.01,3.29,38.2
76,2.5333,0,23,,,,LOST,0,0.0,,,0.0,0.0,0.0,4,,1,1,76,0,10.36,1.74,19.08,0.0,0.19,0.0,3.47,37.68
77,2.5667,0,22,,,,LOST,0,0.0,,,0.0,0.0,0.0,999,,1,1,77,0,10.98,2.02,15.83,0.01,0.21,0.01,3.16,34.74
78,2.6,0,21,,,,LOST,0,0.0,,,0.0,0.0,0.0,999,,1,1,78,0,10.94,1.79,17.14,0.0,0.19,0.01,3.52,36.17
79,2.6333,0,20,,,,LOST,0,0.0,,,0.0,0.0,0.0,999,,1,1,79,0,11.03,2.04,16.41,0.0,0.29,0.0,3.17,36.37
80,2.6667,0,22,,,,LOST,0,0.0,,,0.0,0.0,0.0,999,,1,1,80,0,11.07,1.77,15.57,0.0,0.19,0.01,3.0,34.67
81,2.7,0,22,,,,LOST,0,0.0,,,0.0,0.0,0.0,999,,1,1,81,0,12.7,2.03,15.18,0.0,0.19,0.01,3.27,36.41
82,2.7333,0,23,,,,LOST,0,0.0,,,0.0,0.0,0.0,999,,1,1,82,0,14.57,1.68,15.31,0.0,0.18,0.0,3.14,37.45
83,2.7667,0,22,,,,LOST,0,0.0,,,0.0,0.0,0.0,999,,1,1,83,0,10.5,1.75,14.9,0.0,0.2,0.01,3.07,33.05
84,2.8,2,26,0.2075,1299.2,382.8,OBSERVED,1,0.207,1299.2,382.8,0.0,0.0,0.0,0,,1,1,84,0,10.59,1.8,14.91,0.01,0.18,0.0,3.4,33.75
85,2.8333,1,22,0.1005,1303.7,382.9,OBSERVED,1,0.101,1303.4,382.9,3.3,0.0,3.3,0,,1,1,85,0,10.49,1.72,16.42,0.0,0.19,0.01,3.22,34.56
86,2.8667,2,20,0.1719,1310.1,382.8,OBSERVED,1,0.105,1308.9,384.0,5.0,0.9,5.1,0,,1,1,86,0,10.57,1.97,13.97,0.01,0.19,0.01,3.21,32.58
87,2.9,2,20,0.1891,1310.1,382.8,OBSERVED,1,0.189,1310.7,383.1,2.8,-0.3,2.8,0,,1,1,87,0,12.17,1.72,14.3,0.01,0.2,0.01,3.3,34.3
88,2.9333,1,22,0.1513,1314.3,382.7,OBSERVED,1,0.151,1314.2,382.8,3.3,-0.4,3.3,0,,1,1,88,0,10.32,1.71,14.22,0.01,0.18,0.01,3.28,32.2
89,2.9667,0,22,,,,PREDICTED,0,0.109,1317.5,382.4,3.3,-0.4,3.3,1,,1,1,89,0,12.37,1.63,15.11,0.01,0.2,0.01,3.33,36.65
90,3.0,1,21,0.251,1325.9,382.5,OBSERVED,1,0.251,1325.6,382.4,5.6,-0.2,5.6,0,1,1,1,90,0,11.32,1.64,15.1,0.01,0.2,0.01,3.07,34.06
91,3.0333,1,21,0.2275,1326.0,382.6,OBSERVED,1,0.227,1326.8,382.5,2.7,0.0,2.7,0,,1,1,91,0,11.35,1.64,15.01,0.01,0.18,0.01,3.12,33.78
92,3.0667,1,25,0.1817,1337.5,382.5,OBSERVED,1,0.182,1336.2,382.5,7.2,-0.0,7.2,0,,1,1,92,0,13.14,1.82,13.83,0.15,0.19,0.01,3.23,35.05
93,3.1,0,23,,,,PREDICTED,0,0.131,1343.4,382.5,7.2,-0.0,7.2,1,,1,1,93,0,12.51,1.56,13.47,0.14,0.26,0.01,3.68,35.47
94,3.1333,1,24,0.1157,1344.3,382.4,OBSERVED,1,0.116,1344.7,382.5,4.4,-0.0,4.4,0,1,1,1,94,0,10.81,1.61,13.51,0.0,0.18,0.0,3.34,32.18
95,3.1667,1,20,0.3809,1349.6,382.3,OBSERVED,1,0.381,1349.5,382.3,4.7,-0.1,4.7,0,,1,1,95,0,12.27,1.69,13.46,0.01,0.2,0.01,3.3,33.44
96,3.2,1,21,0.2181,1356.9,382.4,OBSERVED,1,0.218,1356.5,382.4,6.2,-0.0,6.2,0,,1,1,96,0,10.83,1.52,13.93,0.01,0.19,0.01,3.05,32.0
97,3.2333,1,21,0.17,1356.9,382.5,OBSERVED,1,0.17,1357.9,382.5,3.0,0.1,3.0,0,,1,1,97,0,10.45,1.54,14.44,0.01,0.19,0.0,2.98,32.12
98,3.2667,0,21,,,,PREDICTED,0,0.122,1360.8,382.6,3.0,0.1,3.0,1,,1,1,98,0,10.44,1.63,14.06,0.01,0.18,0.01,3.29,32.14
99,3.3,1,24,0.1918,1374.5,382.7,OBSERVED,1,0.192,1373.8,382.7,7.8,0.1,7.8,0,1,1,1,99,0,10.56,1.64,16.57,0.12,0.18,0.01,3.04,34.9
100,3.3333,1,23,0.1922,1374.4,382.7,OBSERVED,1,0.192,1375.7,382.7,3.8,0.0,3.8,0,,1,1,100,0,10.74,1.59,15.2,0.01,0.19,0.0,3.28,33.64
101,3.3667,1,21,0.1274,1176.5,420.6,PREDICTED,0,0.138,1379.4,382.8,3.8,0.0,3.8,1,,1,1,101,0,11.6,1.86,14.07,0.0,0.25,0.0,3.5,35.1
102,3.4,0,24,,,,PREDICTED,0,0.1,1383.2,382.8,3.8,0.0,3.8,2,,1,1,102,0,14.02,1.63,16.16,0.0,0.2,0.01,3.33,37.94
103,3.4333,1,21,0.138,1394.3,382.7,OBSERVED,1,0.138,1394.1,382.7,6.4,-0.0,6.4,0,2,1,1,103,0,11.18,1.84,15.79,0.01,0.19,0.01,3.25,34.77
104,3.4667,0,21,,,,PREDICTED,0,0.099,1400.5,382.7,6.4,-0.0,6.4,1,,1,1,104,0,10.91,1.86,15.58,0.0,0.19,0.01,3.46,34.43
105,3.5,0,21,,,,PREDICTED,0,0.072,1406.9,382.7,6.4,-0.0,6.4,2,,1,1,105,0,11.5,1.54,15.04,0.01,0.23,0.0,3.21,34.52
106,3.5333,0,18,,,,PREDICTED,0,0.051,1413.3,382.7,6.4,-0.0,6.4,3,,1,1,106,0,10.71,1.48,15.58,0.01,0.24,0.0,3.4,33.99
107,3.5667,1,23,0.1452,1001.3,383.1,PREDICTED,0,0.037,1419.8,382.7,6.4,-0.0,6.4,4,,1,1,107,0,10.67,1.54,13.52,0.01,0.19,0.01,3.4,32.18
108,3.6,1,25,0.6629,966.4,383.1,OBSERVED,1,0.663,966.4,383.1,0.0,0.0,0.0,0,4,1,1,108,0,10.36,1.59,13.74,0.0,0.19,0.01,3.42,32.12
109,3.6333,1,26,0.67,966.4,383.0,OBSERVED,1,0.67,966.4,383.0,-0.0,-0.0,0.0,0,,1,1,109,0,11.75,1.69,14.93,0.01,0.21,0.01,3.0,34.96
110,3.6667,2,22,0.6627,902.3,381.4,OBSERVED,1,0.663,909.6,381.6,-42.7,-1.1,42.7,0,,1,1,110,0,11.1,1.55,15.57,0.05,0.49,1.21,3.03,35.65
111,3.7,1,20,0.7679,875.1,380.4,OBSERVED,1,0.768,873.8,380.4,-38.0,-1.1,38.0,0,,1,1,111,0,10.65,1.58,13.71,0.01,0.0,0.01,2.97,31.42
112,3.7333,1,19,0.7758,875.1,380.5,OBSERVED,1,0.776,868.6,380.3,-16.1,-0.5,16.1,0,,1,1,112,0,10.64,1.57,13.65,0.0,0.2,0.01,3.08,31.79
113,3.7667,1,20,0.574,848.7,379.3,OBSERVED,1,0.574,849.3,379.4,-18.2,-0.8,18.2,0,,1,1,113,0,10.69,1.53,13.37,0.0,0.19,0.01,3.15,31.54
114,3.8,1,21,0.1843,1060.6,440.2,PREDICTED,0,0.413,831.1,378.6,-18.2,-0.8,18.2,1,,1,1,114,0,10.24,1.86,14.04,0.0,0.19,0.01,3.18,32.05
115,3.8333,0,21,,,,PREDICTED,0,0.298,812.8,377.8,-18.2,-0.8,18.2,2,,1,1,115,0,12.18,1.74,13.47,0.01,0.2,0.01,3.78,33.84
116,3.8667,2,22,0.6785,779.8,379.0,OBSERVED,1,0.679,780.2,378.9,-23.5,-0.1,23.5,0,2,1,1,116,0,10.65,1.85,14.01,0.0,0.18,0.0,3.38,32.67
117,3.9,2,23,0.6694,779.7,378.9,OBSERVED,1,0.669,775.9,378.9,-10.2,-0.0,10.2,0,,1,1,117,0,11.84,1.91,15.03,0.0,0.18,0.01,3.75,35.54
118,3.9333,3,21,0.5679,759.8,378.3,OBSERVED,1,0.568,760.7,378.4,-13.6,-0.4,13.6,0,,1,1,118,0,10.48,1.81,14.44,0.02,0.19,0.0,3.27,32.79
119,3.9667,2,22,0.6072,744.1,377.3,OBSERVED,1,0.607,744.6,377.4,-15.3,-0.8,15.4,0,,1,1,119,0,10.46,1.82,14.32,0.02,0.19,0.0,3.14,32.61
120,4.0,1,21,0.738,730.7,375.6,OBSERVED,1,0.738,730.4,375.8,-14.5,-1.4,14.6,0,,1,1,120,0,10.65,1.55,14.21,0.02,0.2,0.01,3.0,32.08
121,4.0333,2,18,0.7011,718.5,375.7,OBSERVED,1,0.701,718.0,375.5,-13.1,-0.6,13.1,0,,1,1,121,0,10.78,1.59,14.61,0.03,0.18,0.0,3.43,34.19
122,4.0667,2,20,0.5798,707.8,375.1,OBSERVED,1,0.58,707.4,375.0,-11.5,-0.5,11.5,0,,1,1,122,0,10.76,1.57,14.42,0.03,0.2,0.01,3.31,32.86
123,4.1,3,19,0.5036,699.5,372.8,OBSERVED,1,0.504,698.9,373.1,-9.4,-1.5,9.6,0,,1,1,123,0,10.75,1.59,14.91,0.04,0.2,0.01,3.32,33.28
124,4.1333,3,19,0.5156,699.6,372.9,OBSERVED,1,0.516,697.9,372.7,-3.8,-0.8,3.9,0,,1,1,124,0,10.97,1.52,14.51,0.0,0.19,0.01,3.2,32.85
125,4.1667,3,21,0.3156,692.3,372.2,OBSERVED,1,0.316,692.6,372.1,-4.8,-0.6,4.8,0,,1,1,125,0,11.11,1.54,13.65,0.0,0.19,0.01,3.39,32.43
126,4.2,1,21,0.1061,1634.0,386.0,PREDICTED,0,0.227,687.8,371.5,-4.8,-0.6,4.8,1,,1,1,126,0,10.77,1.4,13.42,0.01,0.2,0.01,3.13,31.49
127,4.2333,1,20,0.1001,1633.9,386.1,PREDICTED,0,0.164,683.1,370.9,-4.8,-0.6,4.8,2,,1,1,127,0,10.0,1.51,13.21,0.0,0.19,0.01,3.23,30.81
128,4.2667,0,19,,,,PREDICTED,0,0.118,678.3,370.3,-4.8,-0.6,4.8,3,,1,1,128,0,11.98,1.55,12.44,0.0,0.19,0.0,3.11,32.25
129,4.3,0,19,,,,PREDICTED,0,0.085,673.5,369.7,-4.8,-0.6,4.8,4,,1,1,129,0,14.04,1.56,12.57,0.0,0.2,0.0,3.07,34.44
130,4.3333,0,20,,,,PREDICTED,0,0.061,668.7,369.0,-4.8,-0.6,4.8,5,,1,1,130,0,15.08,1.58,13.24,0.01,0.19,0.01,3.27,36.09
131,4.3667,1,19,0.1076,1357.3,300.9,LOST,0,0.0,,,0.0,0.0,0.0,6,,1,1,131,0,13.82,1.6,12.51,0.0,0.19,0.0,2.98,33.63
132,4.4,0,16,,,,LOST,0,0.0,,,0.0,0.0,0.0,999,,1,1,132,0,14.21,1.64,12.53,0.0,0.19,0.01,3.29,34.25
133,4.4333,0,16,,,,LOST,0,0.0,,,0.0,0.0,0.0,999,,1,1,133,0,13.7,1.61,11.07,0.01,0.22,0.01,3.44,32.4
134,4.4667,0,16,,,,LOST,0,0.0,,,0.0,0.0,0.0,999,,1,1,134,0,13.78,1.64,10.87,0.0,0.18,0.0,3.17,32.1
135,4.5,0,17,,,,LOST,0,0.0,,,0.0,0.0,0.0,999,,1,1,135,0,14.92,1.72,11.64,0.0,0.18,0.0,3.43,35.17
136,4.5333,0,17,,,,LOST,0,0.0,,,0.0,0.0,0.0,999,,1,1,136,0,13.78,1.66,12.61,0.01,0.23,0.01,3.84,34.6
137,4.5667,0,19,,,,LOST,0,0.0,,,0.0,0.0,0.0,999,,1,1,137,0,15.79,1.69,14.25,0.01,0.2,0.01,4.14,38.63
138,4.6,0,19,,,,LOST,0,0.0,,,0.0,0.0,0.0,999,,1,1,138,0,20.31,1.78,15.19,0.0,0.24,0.01,3.33,43.54
139,4.6333,0,18,,,,LOST,0,0.0,,,0.0,0.0,0.0,999,,1,1,139,0,13.95,1.63,12.45,0.0,0.18,0.01,3.15,33.81
140,4.6667,0,18,,,,LOST,0,0.0,,,0.0,0.0,0.0,999,,1,1,140,0,14.08,1.59,12.74,0.01,0.2,0.01,3.11,34.29
141,4.7,0,18,,,,LOST,0,0.0,,,0.0,0.0,0.0,999,,1,1,141,0,15.4,1.56,12.3,0.0,0.18,0.0,3.34,35.45
142,4.7333,0,18,,,,LOST,0,0.0,,,0.0,0.0,0.0,999,,1,1,142,0,14.83,1.68,11.65,0.01,0.2,0.01,3.1,34.02
143,4.7667,0,18,,,,LOST,0,0.0,,,0.0,0.0,0.0,999,,1,1,143,0,14.54,1.66,11.64,0.0,0.17,0.01,3.26,33.96
144,4.8,0,18,,,,LOST,0,0.0,,,0.0,0.0,0.0,999,,1,1,144,0,16.56,1.54,12.55,0.01,0.21,0.01,3.18,37.6
145,4.8333,0,18,,,,LOST,0,0.0,,,0.0,0.0,0.0,999,,1,1,145,0,15.01,1.44,13.08,0.01,0.19,0.01,4.0,37.59
146,4.8667,0,18,,,,LOST,0,0.0,,,0.0,0.0,0.0,999,,1,1,146,0,15.24,1.53,12.6,0.0,0.26,0.01,3.47,35.65
147,4.9,0,18,,,,LOST,0,0.0,,,0.0,0.0,0.0,999,,1,1,147,0,14.18,1.37,12.13,0.01,0.2,0.01,3.23,33.72
148,4.9333,0,18,,,,LOST,0,0.0,,,0.0,0.0,0.0,999,,1,1,148,0,15.06,1.33,12.82,0.01,0.19,0.01,3.37,35.33
149,4.9667,1,18,0.1028,1151.1,300.2,OBSERVED,1,0.103,1151.1,300.2,0.0,0.0,0.0,0,,1,1,149,0,15.07,1.3,13.82,0.01,0.19,0.01,3.06,35.94
150,5.0,0,17,,,,PREDICTED,0,0.074,1151.1,300.2,0.0,0.0,0.0,1,,1,1,150,0,14.23,1.22,14.83,0.01,0.28,0.01,3.4,36.78
151,5.0333,0,15,,,,PREDICTED,0,0.053,1151.1,300.2,0.0,0.0,0.0,2,,1,1,151,0,15.15,2.02,13.44,0.0,0.18,0.01,3.4,36.7
152,5.0667,2,16,0.1793,1537.5,302.7,PREDICTED,0,0.038,1151.1,300.2,0.0,0.0,0.0,3,,1,1,152,0,14.91,1.32,10.45,0.0,0.19,0.01,3.03,32.35
153,5.1,2,16,0.1784,1537.5,302.8,LOST,0,0.0,,,0.0,0.0,0.0,4,,1,1,153,0,14.74,1.2,10.43,0.0,0.19,0.01,3.06,32.31
154,5.1333,1,19,0.1575,705.1,378.8,OBSERVED,1,0.158,705.1,378.8,0.0,0.0,0.0,0,,1,1,154,0,15.17,1.17,10.75,0.01,0.18,0.01,3.04,33.58
155,5.1667,1,20,0.4244,707.5,384.2,OBSERVED,1,0.424,707.4,383.9,1.8,4.0,4.4,0,,1,1,155,0,14.72,1.18,10.43,0.01,0.2,0.01,2.99,32.46
156,5.2,1,19,0.7703,709.6,392.4,OBSERVED,1,0.77,709.5,391.9,2.0,7.0,7.3,0,,1,1,156,0,14.87,1.22,10.34,0.03,0.2,0.0,3.12,33.03
157,5.2333,1,18,0.7852,709.6,392.4,OBSERVED,1,0.785,709.9,393.4,0.9,3.3,3.4,0,,1,1,157,0,15.45,1.16,10.2,0.01,0.19,0.01,3.01,32.95
158,5.2667,1,16,0.7939,716.5,402.0,OBSERVED,1,0.794,715.5,401.1,4.1,6.3,7.5,0,,1,1,158,0,15.21,1.23,10.15,0.02,0.19,0.01,3.05,33.07
159,5.3,1,17,0.6243,719.9,401.2,OBSERVED,1,0.624,719.8,402.2,4.2,2.8,5.1,0,,1,1,159,0,14.84,1.41,11.71,0.01,0.2,0.01,3.09,34.2
160,5.3333,1,17,0.6275,719.9,401.2,OBSERVED,1,0.627,720.6,401.8,1.9,0.7,2.0,0,,1,1,160,0,14.76,1.31,12.25,0.0,0.2,0.0,3.16,35.27
161,5.3667,1,15,0.4541,721.6,403.3,OBSERVED,1,0.454,721.8,403.2,1.4,1.1,1.8,0,,1,1,161,0,15.86,1.31,13.27,0.0,0.2,0.0,3.18,36.96
162,5.4,2,18,0.2529,725.8,404.3,OBSERVED,1,0.253,725.3,404.3,2.9,1.1,3.1,0,,1,1,162,0,15.34,1.27,12.2,0.01,0.19,0.01,3.42,36.3
163,5.4333,2,18,0.428,729.9,407.2,OBSERVED,1,0.428,729.6,406.9,3.8,2.1,4.4,0,,1,1,163,0,15.63,1.38,10.29,0.0,0.24,0.01,3.45,33.59
164,5.4667,3,19,0.5156,734.4,410.4,OBSERVED,1,0.516,734.2,410.2,4.3,2.9,5.2,0,,1,1,164,0,15.56,1.44,12.2,0.0,0.19,0.01,3.02,35.06
165,5.5,3,20,0.5296,734.5,410.6,OBSERVED,1,0.53,735.2,411.0,2.1,1.5,2.6,0,,1,1,165,0,15.25,1.33,10.36,0.01,0.19,0.01,2.97,33.24
166,5.5333,2,15,0.58,740.7,416.8,OBSERVED,1,0.58,740.1,416.1,4.0,3.9,5.6,0,,1,1,166,0,14.92,1.18,10.01,0.01,0.19,0.01,3.01,32.93
167,5.5667,2,16,0.6517,746.5,422.2,OBSERVED,1,0.652,746.1,421.9,5.3,5.2,7.4,0,,1,1,167,0,15.25,1.18,9.68,0.13,0.27,0.01,2.95,32.24
168,5.6,1,16,0.789,754.1,422.8,OBSERVED,1,0.789,753.7,423.5,6.8,2.8,7.4,0,,1,1,168,0,15.84,1.16,9.64,0.12,0.21,0.01,3.27,33.95
169,5.6333,1,16,0.7798,754.2,422.7,OBSERVED,1,0.78,755.2,423.3,3.3,0.8,3.4,0,,1,1,169,0,15.65,1.18,9.06,0.01,0.28,0.01,2.89,31.85
170,5.6667,1,19,0.7248,769.9,423.8,OBSERVED,1,0.725,768.0,423.8,9.7,0.6,9.7,0,,1,1,170,0,15.45,1.27,9.42,0.11,0.22,0.0,3.33,33.56
171,5.7,1,17,0.1492,169.4,438.2,PREDICTED,0,0.522,777.7,424.4,9.7,0.6,9.7,1,,1,1,171,0,15.37,1.32,8.13,0.04,0.4,0.01,2.91,31.12
172,5.7333,1,17,0.1268,168.6,438.5,PREDICTED,0,0.376,787.3,425.0,9.7,0.6,9.7,2,,1,1,172,0,19.63,1.74,9.39,0.03,0.19,0.01,3.03,36.75
173,5.7667,1,15,0.1338,1875.1,303.1,PREDICTED,0,0.271,797.0,425.6,9.7,0.6,9.7,3,,1,1,173,0,15.36,1.39,10.24,0.03,0.29,0.01,3.18,32.79
174,5.8,1,14,0.3523,798.4,431.5,OBSERVED,1,0.352,798.5,431.4,7.2,2.1,7.6,0,3,1,1,174,0,15.32,1.31,9.46,0.03,0.24,0.0,3.08,31.79
175,5.8333,1,14,0.7334,817.9,438.3,OBSERVED,1,0.733,816.0,437.6,14.5,5.0,15.4,0,,1,1,175,0,16.06,1.35,7.86,0.04,0.28,0.01,2.94,31.65
176,5.8667,1,14,0.7513,817.7,438.3,OBSERVED,1,0.751,819.7,439.0,7.1,2.5,7.6,0,,1,1,176,0,16.08,1.41,9.07,0.03,0.25,0.01,2.97,32.69
177,5.9,1,14,0.7952,827.7,438.4,OBSERVED,1,0.795,827.5,438.9,7.6,0.8,7.6,0,,1,1,177,0,15.54,1.44,8.97,0.05,0.31,0.0,3.37,32.12
178,5.9333,1,13,0.7965,827.7,438.4,OBSERVED,1,0.796,828.9,438.6,3.4,0.0,3.4,0,,1,1,178,0,15.92,1.48,8.64,0.0,0.24,0.0,3.19,31.92
179,5.9667,3,15,0.6493,836.2,438.7,OBSERVED,1,0.649,835.6,438.7,5.6,0.1,5.6,0,,1,1,179,0,16.08,1.68,9.15,0.0,0.28,0.01,3.05,32.67
180,6.0,1,13,0.85,844.2,441.1,OBSERVED,1,0.85,843.7,440.7,7.3,1.4,7.4,0,,1,1,180,0,16.84,1.7,8.68,0.03,0.26,0.0,3.34,33.89
181,6.0333,1,13,0.7332,852.1,443.5,OBSERVED,1,0.733,851.9,443.2,7.9,2.1,8.2,0,,1,1,181,0,16.0,1.48,8.59,0.03,0.28,0.01,3.1,31.68
182,6.0667,3,12,0.8376,860.1,447.5,OBSERVED,1,0.838,860.1,447.1,8.0,3.3,8.7,0,,1,1,182,0,16.14,1.32,8.82,0.03,0.27,0.01,2.91,31.74
183,6.1,2,12,0.8586,866.5,450.1,OBSERVED,1,0.859,866.7,450.2,7.1,3.1,7.8,0,,1,1,183,0,16.67,1.36,8.73,0.03,0.3,0.01,2.94,33.18
184,6.1333,2,12,0.8591,866.4,450.1,OBSERVED,1,0.859,867.7,450.6,3.0,1.3,3.2,0,,1,1,184,0,16.26,1.39,8.7,0.01,0.24,0.0,3.37,32.41
185,6.1667,1,13,0.9292,873.5,449.9,OBSERVED,1,0.929,873.0,450.2,4.6,0.2,4.6,0,,1,1,185,0,16.32,1.46,8.67,0.01,0.29,0.0,2.97,32.13
186,6.2,1,12,0.8119,879.1,451.9,OBSERVED,1,0.812,878.8,451.7,5.4,1.0,5.5,0,,1,1,186,0,16.93,1.37,7.52,0.01,0.34,0.01,3.24,31.65
187,6.2333,2,12,0.8153,879.0,451.9,OBSERVED,1,0.815,879.9,452.1,2.5,0.6,2.6,0,,1,1,187,0,16.55,1.32,9.22,0.01,0.28,0.01,2.95,33.88
188,6.2667,1,13,0.7912,890.4,456.4,OBSERVED,1,0.791,889.1,455.8,7.0,2.7,7.5,0,,1,1,188,0,16.53,1.34,8.98,0.03,0.3,0.01,2.89,33.39
189,6.3,1,13,0.7814,897.3,457.9,OBSERVED,1,0.781,897.1,458.0,7.7,2.4,8.1,0,,1,1,189,0,16.76,1.26,7.45,0.04,0.29,0.0,3.12,31.32
190,6.3333,1,13,0.7791,897.3,457.9,OBSERVED,1,0.779,898.5,458.3,3.5,1.0,3.6,0,,1,1,190,0,16.02,1.34,7.39,0.0,0.3,0.01,3.03,30.35
191,6.3667,1,12,0.8344,901.8,459.3,OBSERVED,1,0.834,901.8,459.3,3.4,1.0,3.5,0,,1,1,191,0,17.04,1.33,7.23,0.0,0.29,0.01,3.41,32.44
192,6.4,1,11,0.2317,908.1,462.8,OBSERVED,1,0.232,907.6,462.4,5.0,2.4,5.5,0,,1,1,192,0,16.28,1.09,7.17,0.01,0.32,0.01,3.12,30.23
193,6.4333,1,10,0.2737,913.1,465.2,OBSERVED,1,0.274,913.0,465.1,5.3,2.6,5.9,0,,1,1,193,0,16.22,1.18,7.55,0.0,0.29,0.01,3.03,30.44
194,6.4667,1,11,0.5733,919.4,466.0,OBSERVED,1,0.573,919.2,466.3,5.9,1.6,6.1,0,,1,1,194,0,16.09,1.09,7.3,0.01,0.35,0.0,2.92,30.18
195,6.5,1,13,0.581,924.5,467.2,OBSERVED,1,0.581,924.6,467.3,5.5,1.2,5.7,0,,1,1,195,0,16.75,0.97,7.37,0.0,0.27,0.01,3.22,30.98
196,6.5333,1,13,0.5765,924.5,467.2,OBSERVED,1,0.577,925.4,467.4,2.4,0.5,2.4,0,,1,1,196,0,17.2,1.05,6.84,0.01,0.32,0.01,3.09,31.82
197,6.5667,1,10,0.4866,931.0,469.3,OBSERVED,1,0.487,930.5,469.1,4.2,1.3,4.4,0,,1,1,197,0,15.99,0.92,7.21,0.01,0.25,0.0,3.17,29.66
198,6.6,2,11,0.5041,1446.8,530.9,OBSERVED,1,0.463,929.3,465.6,0.6,-1.9,2.0,0,,1,1,198,0,16.39,1.36,7.92,0.01,0.35,0.01,3.32,31.55
199,6.6333,2,11,0.5104,1446.9,530.9,OBSERVED,1,0.449,928.6,464.6,-0.3,-1.3,1.4,0,,1,1,199,0,16.89,0.98,7.01,0.01,0.29,0.01,2.9,30.75
200,6.6667,1,10,0.5611,903.6,434.9,OBSERVED,1,0.561,907.7,439.6,-14.1,-17.2,22.2,0,,1,1,200,0,16.48,0.87,7.46,0.05,0.83,1.24,3.14,32.21
201,6.7,1,12,0.2839,891.7,424.6,OBSERVED,1,0.284,892.1,424.2,-15.2,-16.0,22.0,0,,1,1,201,0,17.25,0.93,7.1,0.01,0.0,0.01,3.76,31.74
202,6.7333,1,12,0.2665,891.8,424.6,OBSERVED,1,0.267,889.3,421.8,-6.8,-6.8,9.7,0,,1,1,202,0,16.37,1.08,7.47,0.0,0.19,0.01,3.15,30.49
203,6.7667,0,11,,,,PREDICTED,0,0.192,882.5,415.0,-6.8,-6.8,9.7,1,,1,1,203,0,16.85,1.04,6.94,0.01,0.22,0.0,2.94,30.87
204,6.8,1,11,0.6177,862.4,407.0,OBSERVED,1,0.618,863.1,407.0,-12.9,-7.4,14.8,0,1,1,1,204,0,16.63,0.85,8.55,0.01,0.2,0.01,3.54,32.61
205,6.8333,1,11,0.6289,862.3,407.0,OBSERVED,1,0.629,860.3,405.7,-6.1,-3.3,7.0,0,,1,1,205,0,16.61,0.81,7.08,0.01,0.2,0.01,3.46,33.04
206,6.8667,1,11,0.7812,826.6,394.5,OBSERVED,1,0.781,831.2,395.8,-21.7,-7.8,23.1,0,,1,1,206,0,17.48,0.95,8.47,0.01,0.24,0.02,3.6,37.03
207,6.9,2,12,0.6762,806.5,389.3,OBSERVED,1,0.676,807.0,389.1,-23.4,-7.1,24.4,0,,1,1,207,0,17.45,0.81,6.87,0.0,0.43,0.01,3.18,32.67
208,6.9333,2,12,0.6724,806.5,389.4,OBSERVED,1,0.672,802.7,388.1,-10.6,-3.0,11.0,0,,1,1,208,0,18.48,0.87,7.29,0.35,1.36,2.35,3.79,38.41
209,6.9667,1,12,0.5333,786.5,386.1,OBSERVED,1,0.533,787.4,385.9,-13.7,-2.5,14.0,0,,1,1,209,0,16.85,0.81,6.93,0.01,0.0,0.01,3.05,29.96
210,7.0,1,15,0.8008,765.2,383.1,OBSERVED,1,0.801,766.6,383.2,-18.5,-2.7,18.7,0,,1,1,210,0,16.47,0.81,7.42,0.0,0.39,0.01,2.94,30.61
211,7.0333,1,11,0.8815,743.4,381.7,OBSERVED,1,0.882,744.2,381.5,-21.1,-2.0,21.2,0,,1,1,211,0,16.36,0.79,8.04,0.0,0.47,0.01,2.92,30.72
212,7.0667,1,12,0.7667,722.7,381.1,OBSERVED,1,0.767,722.8,380.8,-21.3,-1.1,21.3,0,,1,1,212,0,16.62,0.83,6.99,0.0,0.48,0.0,3.07,30.48
213,7.1,2,14,0.5505,703.6,381.4,OBSERVED,1,0.551,703.2,381.1,-20.1,-0.2,20.1,0,,1,1,213,0,16.92,0.84,7.92,0.0,0.46,0.01,3.3,31.89
214,7.1333,2,13,0.5653,703.6,381.5,OBSERVED,1,0.565,700.1,381.4,-8.7,0.1,8.7,0,,1,1,214,0,16.72,0.96,8.27,0.0,0.43,0.0,3.05,31.73
215,7.1667,2,14,0.6403,684.6,383.0,OBSERVED,1,0.64,685.8,382.7,-12.5,0.9,12.5,0,,1,1,215,0,16.76,0.81,8.61,0.0,0.45,0.01,3.1,32.09
216,7.2,2,12,0.2718,667.5,386.0,OBSERVED,1,0.272,668.5,385.6,-15.7,2.2,15.9,0,,1,1,216,0,17.32,0.81,7.99,0.1,0.45,0.01,2.87,32.78
217,7.2333,2,15,0.3534,651.4,389.0,OBSERVED,1,0.353,651.6,388.8,-16.5,2.9,16.7,0,,1,1,217,0,16.32,0.83,7.98,0.11,0.45,0.0,2.86,31.17
218,7.2667,3,13,0.5497,1442.5,569.0,OBSERVED,1,0.412,636.2,392.5,-15.8,3.4,16.2,0,,1,1,218,0,17.11,0.83,8.09,0.09,0.4,0.0,3.12,32.08
219,7.3,2,14,0.2086,622.5,397.8,OBSERVED,1,0.209,622.1,397.5,-14.6,4.5,15.3,0,,1,1,219,0,16.69,0.76,7.52,0.11,0.46,0.01,3.31,31.98
220,7.3333,2,16,0.1899,622.4,397.8,OBSERVED,1,0.19,619.9,398.5,-6.3,2.1,6.6,0,,1,1,220,0,16.81,0.74,7.18,0.1,0.44,0.0,2.93,30.87
221,7.3667,1,14,0.3231,606.9,406.6,OBSERVED,1,0.323,608.0,405.6,-10.0,5.5,11.4,0,,1,1,221,0,17.11,0.82,6.48,0.12,0.48,0.01,3.07,30.65
222,7.4,1,13,0.4485,580.2,422.1,OBSERVED,1,0.449,583.1,420.2,-20.0,11.6,23.1,0,,1,1,222,0,17.58,0.83,7.52,0.1,0.43,0.01,3.15,32.14
223,7.4333,1,13,0.4381,580.4,421.9,OBSERVED,1,0.438,577.5,423.6,-10.4,6.1,12.0,0,,1,1,223,0,16.49,0.82,7.9,0.1,0.37,0.01,3.05,32.01
224,7.4667,2,13,0.773,566.1,431.8,OBSERVED,1,0.773,566.3,431.4,-11.0,7.3,13.1,0,,1,1,224,0,18.17,0.78,8.02,0.09,0.37,0.0,3.26,34.43
225,7.5,1,15,0.7937,550.8,441.9,OBSERVED,1,0.794,551.5,441.4,-13.5,9.1,16.3,0,,1,1,225,0,16.92,0.87,6.93,0.08,0.38,0.0,3.42,30.95
226,7.5333,1,15,0.7849,550.8,441.9,OBSERVED,1,0.785,548.6,443.3,-6.4,4.3,7.7,0,,1,1,226,0,16.55,0.83,7.87,0.09,0.37,0.0,3.75,32.57
227,7.5667,1,16,0.6786,537.0,454.2,OBSERVED,1,0.679,537.9,453.1,-9.3,8.0,12.3,0,,1,1,227,0,17.17,0.78,8.58,0.09,0.41,0.0,3.62,33.68
228,7.6,0,10,,,,PREDICTED,0,0.489,528.5,461.1,-9.3,8.0,12.3,1,,1,1,228,0,17.0,0.65,8.15,0.1,0.4,0.05,3.33,32.05
229,7.6333,0,10,,,,PREDICTED,0,0.352,519.2,469.1,-9.3,8.0,12.3,2,,1,1,229,0,17.51,0.67,6.4,0.1,0.45,0.01,2.97,30.34
230,7.6667,1,12,0.285,1450.3,622.1,PREDICTED,0,0.253,509.8,477.1,-9.3,8.0,12.3,3,,1,1,230,0,17.09,0.7,6.05,0.12,0.43,0.0,2.96,29.93
231,7.7,1,14,0.2026,1439.3,633.7,PREDICTED,0,0.182,500.5,485.1,-9.3,8.0,12.3,4,,1,1,231,0,17.03,0.79,7.4,0.11,0.46,0.01,3.41,32.14
232,7.7333,1,14,0.2149,1439.3,633.7,PREDICTED,0,0.131,491.2,493.0,-9.3,8.0,12.3,5,,1,1,232,0,18.05,0.78,7.08,0.1,0.41,0.01,3.06,32.52
233,7.7667,0,12,,,,LOST,0,0.0,,,0.0,0.0,0.0,6,,1,1,233,0,17.08,0.84,7.11,0.0,0.42,0.01,3.21,30.93
234,7.8,0,15,,,,LOST,0,0.0,,,0.0,0.0,0.0,999,,1,1,234,0,16.88,0.82,9.15,0.0,0.47,0.01,3.12,32.9
235,7.8333,0,16,,,,LOST,0,0.0,,,0.0,0.0,0.0,999,,1,1,235,0,16.75,0.81,7.72,0.0,0.44,0.01,3.44,32.8
236,7.8667,0,17,,,,LOST,0,0.0,,,0.0,0.0,0.0,999,,1,1,236,0,17.23,0.87,7.49,0.0,0.47,0.01,2.9,32.38
237,7.9,0,15,,,,LOST,0,0.0,,,0.0,0.0,0.0,999,,1,1,237,0,16.81,0.84,7.74,0.0,0.44,0.01,2.89,31.03
238,7.9333,0,15,,,,LOST,0,0.0,,,0.0,0.0,0.0,999,,1,1,238,0,17.35,0.89,9.22,0.0,0.5,0.01,3.01,33.38
239,7.9667,2,13,0.1716,918.6,425.9,OBSERVED,1,0.172,918.6,425.9,0.0,0.0,0.0,0,,1,1,239,0,17.27,0.82,9.43,0.01,0.45,0.01,3.17,34.57
240,8.0,0,13,,,,PREDICTED,0,0.124,918.6,425.9,0.0,0.0,0.0,1,,1,1,240,0,17.64,0.85,7.62,0.0,0.38,0.0,3.48,33.04
